ACCELEROMETER X (m/s²),ACCELEROMETER Y (m/s²),ACCELEROMETER Z (m/s²),GRAVITY X (m/s²),GRAVITY Y (m/s²),GRAVITY Z (m/s²),LINEAR ACCELERATION X (m/s²),LINEAR ACCELERATION Y (m/s²),LINEAR ACCELERATION Z (m/s²),GYROSCOPE X (°/s),GYROSCOPE Y (°/s),GYROSCOPE Z (°/s),LIGHT (lux),MAGNETIC FIELD X (μT),MAGNETIC FIELD Y (μT),MAGNETIC FIELD Z (μT),ORIENTATION Z (azimuth °),ORIENTATION X (pitch °),ORIENTATION Y (roll °),PROXIMITY (m),ATMOSPHERIC PRESSURE (hPa),SOUND LEVEL (dB),LOCATION Latitude : ,LOCATION Longitude : ,LOCATION Altitude ( m),LOCATION Altitude-google ( m),LOCATION Altitude-atmospheric pressure ( m),LOCATION Speed ( m/s),LOCATION Accuracy ( m),LOCATION ORIENTATION (°),Satellites in range,Time since start in ms ,YYYY-MO-DD HH-MI-SS_SSS
-0.204102,0.539291,10.222641,-0.364824,0.55742,9.783996,0.162895,-0.015023,0.209213,-10.68,-16.6827,3.5679,31.0,1.1856,2.4841,-33.5846,6.1162,-3.4264,2.412,5.0,993.2166,58.22353,50.74291,-1.8946033,98.1,NaN,,,18.351,,0 / 24,20,2018-03-16 11:57:25:459
-0.247192,0.596756,10.174759,-0.321257,0.534129,9.786822,0.097972,0.030236,0.150175,1.5885,3.2759,-0.5831,31.0,1.3351,2.6337,-32.9849,1.3616,-3.1418,1.9339,5.0,993.2134,58.22353,50.74291,-1.8946033,98.1,NaN,,,18.351,,0 / 24,60,2018-03-16 11:57:25:499
-0.405212,0.55365,10.150818,-0.340904,0.539858,9.785843,0.060707,0.014609,-0.028937,-1.4023,0.9564,-2.475,31.0,1.3351,2.9343,-33.1345,1.7793,-3.1557,1.9952,5.0,993.2134,58.22353,50.74291,-1.8946033,98.1,NaN,,,18.351,,0 / 24,100,2018-03-16 11:57:25:539
-0.620697,0.591965,10.248978,-0.351591,0.538406,9.785544,-0.272287,0.054446,0.254513,4.1519,1.5667,1.37,31.0,1.6357,2.9343,-33.1345,350.3972,-3.1472,2.0577,5.0,993.22,58.22353,50.74291,-1.8946033,98.1,NaN,,,18.351,,0 / 24,140,2018-03-16 11:57:25:579
-1.793854,0.589569,11.019913,-0.433108,0.610825,9.778022,-0.82988,0.041791,0.639191,22.5237,31.1684,16.2019,31.0,1.6357,2.9343,-33.1345,350.3972,-3.1472,2.0577,5.0,993.2233,57.74346,50.74291,-1.8946033,98.1,NaN,,,18.351,,0 / 24,180,2018-03-16 11:57:25:619
-1.87764,0.958267,10.366287,-0.794474,0.927571,9.730304,-1.037621,0.017452,0.363023,50.4162,54.1178,46.2923,31.0,1.3351,2.4841,-33.1345,8.4611,-3.9775,3.0995,5.0,993.2233,57.74346,50.74291,-1.8946033,98.1,NaN,,,18.351,,0 / 24,220,2018-03-16 11:57:25:659
-1.403595,1.389237,9.260178,-1.010678,1.2655,9.671992,-0.335763,0.117166,-0.677204,35.9515,19.0231,51.419,36.0,2.3865,1.8845,-33.4351,18.2893,-5.4275,4.6678,5.0,993.2266,57.74346,50.74291,-1.8946033,98.1,NaN,,,18.351,,0 / 24,260,2018-03-16 11:57:25:699
-1.164169,1.607102,8.374314,-1.013104,1.422342,9.64992,-0.239472,0.368989,-1.594062,0.7947,-15.8286,49.8322,36.0,3.4363,-1.416,-34.0347,352.6032,-7.4144,5.9655,5.0,993.22,57.74346,50.74291,-1.8946033,98.1,NaN,,,18.351,,0 / 24,300,2018-03-16 11:57:25:739
-1.525696,1.552033,9.226654,-0.805575,1.402119,9.672409,-0.797032,0.106625,-0.553716,-22.5814,-35.6647,49.5271,36.0,4.0359,-0.6653,-34.0347,351.4778,-8.4949,5.6897,5.0,993.22,57.74346,50.74291,-1.8946033,98.1,NaN,,,18.351,,0 / 24,340,2018-03-16 11:57:25:779
-0.342957,0.802658,10.165176,-0.414609,1.246952,9.71821,0.020834,-0.434371,0.120962,-25.511,-61.1775,53.3109,36.0,3.8864,0.6851,-33.5846,336.8492,-7.7548,3.6092,5.0,993.21,57.74346,50.74291,-1.8946033,98.1,NaN,,,18.351,,0 / 24,380,2018-03-16 11:57:25:819
0.339386,0.678146,11.218628,-0.083955,1.155565,9.737967,0.378823,-0.490364,1.209915,11.3541,5.229,38.7238,36.0,1.3351,1.4343,-33.4351,344.5543,-6.7065,0.6694,5.0,993.2,57.74346,50.74291,-1.8946033,98.1,NaN,,,18.351,,0 / 24,420,2018-03-16 11:57:25:859
0.521347,0.781097,10.033493,-0.010131,1.242392,9.727629,0.172738,-0.488671,-0.098103,1.5273,-22.7256,42.3249,36.0,1.1856,1.4343,-33.7357,351.9031,-7.2195,0.4227,5.0,993.2,57.74346,50.74291,-1.8946033,98.1,NaN,,,18.351,,0 / 24,460,2018-03-16 11:57:25:899
1.129471,0.915176,10.213058,0.178571,1.23841,9.726501,0.736768,-0.362611,0.184544,0.9783,-19.0633,31.5216,34.0,1.1856,1.4343,-33.8852,345.0008,-7.2543,-0.7005,5.0,993.19,55.40409,50.74291,-1.8946033,98.1,NaN,,,18.351,,0 / 24,500,2018-03-16 11:57:25:939
0.346573,0.991791,10.323196,0.34558,1.260354,9.719181,-0.014094,-0.294587,0.380246,4.6397,-24.8003,31.7655,34.0,1.1856,1.4343,-33.8852,339.8897,-7.3351,-1.6028,5.0,993.18,55.40409,50.74291,-1.8946033,98.1,NaN,,,18.351,,0 / 24,540,2018-03-16 11:57:25:979
0.94751,0.721252,10.265732,0.502602,1.284587,9.709151,0.454307,-0.607042,0.324996,13.9174,-8.6264,22.1836,34.0,1.1856,1.4343,-33.8852,335.8544,-7.4196,-2.3759,5.0,993.18,55.40409,50.74291,-1.8946033,98.1,NaN,,,18.351,,0 / 24,580,2018-03-16 11:57:26:019
0.399246,1.04686,9.68634,0.522948,1.428875,9.68789,-0.113455,-0.38922,-0.260576,29.2371,9.8066,23.4653,34.0,0.5859,1.2848,-33.8852,333.1855,-7.9888,-3.1747,5.0,993.1767,55.40409,50.74291,-1.8946033,98.1,NaN,,,18.351,,0 / 24,620,2018-03-16 11:57:26:059
1.134262,1.420349,8.896255,0.499942,1.593411,9.66341,0.554711,-0.242625,-0.950651,19.594,2.726,21.5725,34.0,0.2853,0.3845,-34.3353,341.8561,-9.0467,-2.9497,5.0,993.1833,55.40409,50.74291,-1.8946033,98.1,NaN,,,18.351,,0 / 24,660,2018-03-16 11:57:26:099
1.2444,1.712448,8.879501,0.504721,1.636981,9.655876,0.797793,0.045825,-1.037277,-4.4544,4.5575,1.6751,34.0,0.2853,-0.8163,-34.4849,341.8561,-9.0467,-2.9497,5.0,993.1833,55.40409,50.74291,-1.8946033,98.1,NaN,,,18.351,,0 / 24,701,2018-03-16 11:57:26:140
0.001801,1.671753,9.411011,0.434875,1.583317,9.668215,-0.375367,0.044115,-0.512864,-10.3749,14.2619,3.7506,34.0,0.2853,-0.9659,-34.0347,339.3536,-9.5802,-2.9634,5.0,993.18,55.40409,50.74291,-1.8946033,98.1,NaN,,,18.351,,0 / 24,741,2018-03-16 11:57:26:180
1.256363,1.221634,10.019135,0.417559,1.502587,9.681852,0.504377,-0.17212,-0.05641,-16.1118,-3.0722,6.3751,34.0,0.5859,0.5341,-33.5846,338.2821,-8.8136,-2.4695,5.0,993.17,55.40409,50.74291,-1.8946033,98.1,NaN,,,18.351,,0 / 24,780,2018-03-16 11:57:26:219
0.734421,1.058838,9.966461,0.467082,1.354004,9.701489,0.262137,-0.312064,0.032383,-18.4312,-4.7202,-5.0384,34.0,1.3351,0.6851,-33.7357,335.0942,-7.9362,-2.7564,5.0,993.17,52.53528,50.74291,-1.8946033,98.1,NaN,,,18.351,,0 / 24,820,2018-03-16 11:57:26:259
0.523743,0.915176,10.371078,0.459064,1.269686,9.713266,0.087861,-0.361729,0.417962,-11.8393,7.975,-0.8883,34.0,1.1856,0.6851,-33.7357,335.0942,-7.9362,-2.7564,5.0,993.17,52.53528,50.74291,-1.8946033,98.1,NaN,,,18.351,,0 / 24,860,2018-03-16 11:57:26:299
1.50058,0.802658,10.311234,0.432987,1.213907,9.721591,1.099522,-0.441459,0.308319,-3.1115,1.4443,-10.8365,34.0,1.1856,0.6851,-33.7357,334.4195,-7.2898,-2.5897,5.0,993.1501,52.53528,50.74291,-1.8946033,98.1,NaN,,,18.351,,0 / 24,900,2018-03-16 11:57:26:339
2.290665,0.735611,9.592972,0.316808,1.191516,9.728839,2.009224,-0.506496,-0.370631,-3.9045,27.8724,-38.1197,34.0,0.8865,1.2848,-33.7357,334.197,-7.0788,-2.5319,5.0,993.1501,52.53528,50.74291,-1.8946033,98.1,NaN,,,18.351,,0 / 24,940,2018-03-16 11:57:26:379
1.009766,0.805038,9.312851,0.02262,1.17096,9.736464,1.312208,-0.343828,-0.424664,-5.0034,61.0761,-73.6419,34.0,1.3351,1.2848,-33.7357,337.6308,-6.9787,-1.8651,5.0,993.1434,52.53528,50.74291,-1.8946033,98.1,NaN,,,18.351,,0 / 24,980,2018-03-16 11:57:26:419
0.942719,0.453094,8.836395,-0.349657,1.037188,9.745377,1.252548,-0.592376,-1.080354,-35.7653,9.623,-93.6005,34.0,2.536,1.1337,-33.7357,343.4184,-6.756,0.8631,5.0,993.14,52.53528,50.74291,-1.8946033,98.1,NaN,,,18.351,,0 / 24,1020,2018-03-16 11:57:26:459
-0.242401,-0.61232,10.256165,-0.293138,0.577569,9.785237,-0.057169,-1.131404,0.342599,-70.4333,-38.1669,-106.0517,36.0,2.536,1.4343,-33.7357,338.41,-5.4142,2.2432,5.0,993.14,52.53528,50.74291,-1.8946033,98.1,NaN,,,18.351,,0 / 24,1060,2018-03-16 11:57:26:499
-1.753143,-0.564438,11.393402,-0.158518,0.271118,9.80162,-1.694931,-0.778333,1.37178,-31.9203,-15.5234,-83.7737,34.0,2.2354,3.5339,-32.9849,326.3182,-2.3354,1.2514,5.0,993.14,52.53528,50.74291,-1.8946033,98.1,NaN,,,18.351,,0 / 24,1100,2018-03-16 11:57:26:539
-1.159393,0.268738,11.273697,-0.189836,0.153567,9.80361,-0.90631,0.138983,1.205401,4.7621,13.7128,-45.5046,34.0,1.6357,5.0339,-33.1345,345.0167,-0.928,0.9004,5.0,993.1467,56.64316,50.74291,-1.8946033,98.1,NaN,,,18.351,,0 / 24,1140,2018-03-16 11:57:26:579
-1.587952,0.716461,10.172363,-0.236008,0.173509,9.802275,-1.392784,0.561401,0.122256,-5.5525,-18.8194,-42.88,34.0,1.3351,4.4342,-33.1345,357.4341,-1.0138,1.3792,5.0,993.1467,56.64316,50.74291,-1.8946033,98.1,NaN,,,18.351,,0 / 24,1180,2018-03-16 11:57:26:619
-1.801025,0.77153,10.694305,-0.063942,0.117077,9.805742,-1.576976,0.615001,0.825968,-7.1401,-30.1717,-17.9775,34.0,1.3351,4.4342,-33.1345,357.4341,-1.0138,1.3792,5.0,993.1667,56.64316,50.74291,-1.8946033,98.1,NaN,,,18.351,,0 / 24,1220,2018-03-16 11:57:26:659
-0.828979,0.647034,9.959274,-0.112908,0.24805,9.802862,-0.774198,0.387736,0.240066,33.5709,31.352,7.169,34.0,0.5859,4.4342,-32.9849,348.5679,-0.6857,0.1933,5.0,993.18,56.64316,50.74291,-1.8946033,98.1,NaN,,,18.351,,0 / 24,1260,2018-03-16 11:57:26:699
-0.259171,0.623093,9.15004,-0.248489,0.430247,9.794056,0.112943,0.100532,-0.848012,12.9409,3.7637,2.6516,34.0,0.5859,3.685,-32.9849,7.2178,-1.9505,1.126,5.0,993.18,56.64316,50.74291,-1.8946033,98.1,NaN,,,18.351,,0 / 24,1300,2018-03-16 11:57:26:739
-0.093964,0.354935,9.669586,-0.213593,0.428387,9.794961,0.199162,-0.031437,-0.621635,-6.529,-7.9549,-6.7476,34.0,0.5859,3.0838,-32.9849,357.4955,-2.5447,1.3969,5.0,993.17,56.64316,50.74291,-1.8946033,98.1,NaN,,,18.351,,0 / 24,1340,2018-03-16 11:57:26:779
0.686539,0.031723,9.999985,-0.168519,0.380107,9.797832,0.804152,-0.331403,-0.040185,-4.6983,-2.0956,-17.9775,34.0,0.7355,3.2349,-32.9849,354.5236,-2.2775,1.0186,5.0,993.1767,56.64316,50.74291,-1.8946033,98.1,NaN,,,18.351,,0 / 24,1380,2018-03-16 11:57:26:819
1.115112,-0.143066,10.569809,-0.158358,0.336192,9.799605,1.316892,-0.416941,0.406901,-3.9045,1.1392,-47.9464,34.0,0.7355,3.3844,-32.8354,353.7041,-2.053,0.9352,5.0,993.1767,56.64316,50.74291,-1.8946033,98.1,NaN,,,18.351,,0 / 24,1421,2018-03-16 11:57:26:860
1.464661,-0.234039,10.00238,-0.171613,0.312603,9.800164,1.683664,-0.56882,-0.048429,-0.6094,4.13,-65.7683,34.0,0.5859,3.9841,-32.9849,354.9618,-1.8619,0.9599,5.0,993.1767,56.64316,50.74291,-1.8946033,98.1,NaN,,,18.351,,0 / 24,1460,2018-03-16 11:57:26:899
1.783081,-0.590775,9.300873,-0.201406,0.244788,9.801525,1.832556,-0.859458,-0.734732,-10.1301,3.0319,-101.8404,34.0,0.2853,3.685,-33.1345,7.81,-1.6681,1.181,5.0,993.17,55.58132,50.74291,-1.8946033,98.1,NaN,,,18.351,,0 / 24,1501,2018-03-16 11:57:26:940
0.478241,-0.67218,10.787674,-0.071605,0.060427,9.806202,0.279862,-0.692178,1.122026,-22.2763,-23.7625,-132.785,34.0,-0.0137,3.2349,-33.8852,7.81,-1.6681,1.181,5.0,993.17,55.58132,50.74291,-1.8946033,98.1,NaN,,,18.351,,0 / 24,1540,2018-03-16 11:57:26:979
-0.805038,-0.33699,11.211441,0.018327,0.05357,9.806486,-0.856166,-0.387136,1.091248,19.0441,-4.1099,-116.6111,34.0,-1.9638,3.5339,-33.5846,16.517,-0.353,0.4184,5.0,993.1467,55.58132,50.74291,-1.8946033,98.1,NaN,,,18.351,,0 / 24,1580,2018-03-16 11:57:27:019
-0.304657,0.070023,9.837173,-0.035596,0.224237,9.804022,-0.258563,-0.19111,-0.265674,19.4104,11.9424,-111.6059,34.0,-2.7145,3.0838,-33.5846,33.8835,-0.6214,-0.1117,5.0,993.1234,55.58132,50.74291,-1.8946033,98.1,NaN,,,18.351,,0 / 24,1621,2018-03-16 11:57:27:060
-1.860886,0.548859,10.440521,-0.137961,0.326686,9.800236,-1.745872,0.183088,0.424069,21.3023,8.9516,-98.1169,34.0,-2.7145,1.8845,-33.5846,48.1198,-1.731,0.6303,5.0,993.1234,55.58132,50.74291,-1.8946033,98.1,NaN,,,18.351,,0 / 24,1660,2018-03-16 11:57:27:099
-2.054825,0.910385,10.093353,-0.225518,0.533947,9.789506,-1.818584,0.412703,0.004698,27.5892,2.9707,-61.8009,34.0,-2.5635,0.3845,-33.5846,66.5277,-2.7299,1.2168,5.0,993.1266,55.58132,50.74291,-1.8946033,98.1,NaN,,,18.351,,0 / 24,1700,2018-03-16 11:57:27:139
-1.159393,0.9487,9.501984,-0.192601,0.670527,9.781804,-0.910161,0.24052,-0.541968,16.7247,-16.3776,-41.1105,34.0,-2.7145,0.3845,-33.5846,57.6892,-3.9206,1.128,5.0,993.1301,55.58132,50.74291,-1.8946033,98.1,NaN,,,18.351,,0 / 24,1741,2018-03-16 11:57:27:180
-1.279098,1.06601,9.609726,-0.096038,0.732359,9.778794,-1.314713,0.366628,-0.375453,8.7907,-19.7348,-38.1809,34.0,-2.5635,0.3845,-33.4351,57.6892,-3.9206,1.128,5.0,993.1301,55.58132,50.74291,-1.8946033,98.1,NaN,,,18.351,,0 / 24,1781,2018-03-16 11:57:27:220
-1.358108,1.389237,9.470856,-0.064299,0.815599,9.772464,-1.330526,0.552173,-0.572066,10.9266,-0.3252,-4.0618,34.0,-2.7145,-0.3662,-33.4351,52.3567,-4.3751,0.4541,5.0,993.1301,57.7171,50.74291,-1.8946033,98.1,NaN,,,18.351,,0 / 24,1820,2018-03-16 11:57:27:259
-1.149811,1.257553,9.72226,-0.104869,0.868476,9.767555,-1.045212,0.367284,-0.295286,5.4948,4.0688,7.9619,34.0,-3.1647,-0.8163,-34.0347,59.751,-4.9154,0.4776,5.0,993.1167,57.7171,50.74291,-1.8946033,98.1,NaN,,,18.351,,0 / 24,1860,2018-03-16 11:57:27:299
-0.283112,0.82898,9.490021,-0.069087,0.894233,9.76555,-0.443377,0.07102,-0.295318,1.6497,-11.7387,10.8304,34.0,-3.3142,-0.9659,-34.0347,58.587,-5.1377,0.5897,5.0,993.1167,57.7171,50.74291,-1.8946033,98.1,NaN,,,18.351,,0 / 24,1900,2018-03-16 11:57:27:339
-1.738785,1.434723,10.13884,0.011721,0.882003,9.766899,-1.591159,0.448856,0.090562,-3.6605,-8.6264,23.4041,34.0,-3.7643,-1.5656,-33.5846,55.9037,-5.2604,0.2228,5.0,993.1234,57.7171,50.74291,-1.8946033,98.1,NaN,,,18.351,,0 / 24,1940,2018-03-16 11:57:27:379
-1.58316,1.137833,10.749359,0.053577,0.892532,9.765802,-1.519441,0.3066,0.611796,14.5888,9.6842,69.7296,34.0,-4.0634,-1.7151,-33.8852,74.9059,-5.1486,-0.1181,5.0,993.14,57.7171,50.74291,-1.8946033,98.1,NaN,,,18.351,,0 / 24,1981,2018-03-16 11:57:27:420
-5.363601,1.844132,9.894638,-0.04374,1.053935,9.749754,-5.365307,0.741715,-0.207842,15.9929,5.4117,157.2539,34.0,-4.0634,-1.8661,-34.3353,70.132,-5.8187,0.0532,5.0,993.14,57.7171,50.74291,-1.8946033,98.1,NaN,,,18.351,,0 / 24,2020,2018-03-16 11:57:27:459
-0.086777,-0.315445,10.960052,-0.026721,1.146374,9.739379,-1.545961,-1.186898,0.654435,25.4533,42.5819,209.3784,34.0,-2.7145,-0.0656,-34.3353,37.8996,-6.7131,0.1572,5.0,993.1467,57.7171,50.74291,-1.8946033,98.1,NaN,,,18.351,,0 / 24,2060,2018-03-16 11:57:27:499
1.725632,0.939117,7.940964,-0.323015,1.431594,9.696216,3.429761,-0.798632,-1.011259,28.383,48.0758,74.9786,34.0,-1.0635,-0.3662,-34.0347,37.8996,-6.7131,0.1572,5.0,993.14,57.7171,50.74291,-1.8946033,98.1,NaN,,,18.351,,0 / 24,2102,2018-03-16 11:57:27:541
-0.254379,0.917572,9.121307,-0.163467,1.38852,9.706476,-0.150721,-0.469526,-0.904104,-54.0759,-74.3002,61.9783,36.0,-0.7645,-0.5157,-33.7357,19.4152,-8.9703,2.542,5.0,993.14,54.48082,50.74291,-1.8946033,98.1,NaN,,,18.351,,0 / 24,2140,2018-03-16 11:57:27:579
0.758377,0.524918,10.651199,0.069769,1.120854,9.742136,-0.107847,-0.524341,0.784292,-16.3557,18.2905,58.3772,36.0,-1.3641,-0.5157,-33.7357,22.3673,-8.1398,0.9648,5.0,993.1301,54.48082,50.74291,-1.8946033,98.1,NaN,,,18.351,,0 / 24,2181,2018-03-16 11:57:27:620
0.480637,0.47464,10.27771,-0.019815,1.090048,9.74586,-0.054681,-0.502914,0.263293,-9.9474,5.4729,65.5794,34.0,-1.5137,0.3845,-33.7357,24.3141,-6.563,-0.4103,5.0,993.1467,54.48082,50.74291,-1.8946033,98.1,NaN,,,18.351,,0 / 24,2221,2018-03-16 11:57:27:660
1.67775,0.472244,10.6129,0.162681,0.962643,9.757932,1.505282,-0.499749,0.630307,-14.8301,-19.4296,38.6626,34.0,-1.3641,1.1337,-33.7357,9.4883,-5.9799,-0.4072,5.0,993.1467,54.48082,50.74291,-1.8946033,98.1,NaN,,,18.351,,0 / 24,2260,2018-03-16 11:57:27:699
1.756744,0.69252,10.222641,0.248735,0.900817,9.762021,1.488921,-0.252528,0.245638,-0.9748,3.3974,13.0283,34.0,-1.3641,1.2848,-33.8852,2.1952,-5.3169,-1.4169,5.0,993.1667,54.48082,50.74291,-1.8946033,98.1,NaN,,,18.351,,0 / 24,2300,2018-03-16 11:57:27:739
1.057648,0.769135,9.554657,0.129352,0.933536,9.761258,1.085983,-0.174109,-0.35788,6.4101,25.4927,0.3934,34.0,-1.3641,1.2848,-33.8852,2.1952,-5.3169,-1.4169,5.0,993.1867,54.48082,50.74291,-1.8946033,98.1,NaN,,,18.351,,0 / 24,2340,2018-03-16 11:57:27:779
0.176575,0.848145,9.660004,0.040313,0.933013,9.762082,0.171243,-0.081445,-0.450283,-10.0086,0.9564,9.7935,34.0,-1.3641,1.5839,-33.8852,7.395,-5.4625,-0.7592,5.0,993.17,54.48082,50.74291,-1.8946033,98.1,NaN,,,18.351,,0 / 24,2380,2018-03-16 11:57:27:819
0.777527,0.649429,10.442902,0.129634,0.839217,9.769815,0.641274,-0.214215,0.412171,-12.328,-15.8286,12.418,34.0,-1.0635,1.5839,-33.7357,9.3507,-5.3062,-0.2599,5.0,993.17,54.48082,50.74291,-1.8946033,98.1,NaN,,,18.351,,0 / 24,2420,2018-03-16 11:57:27:859
-0.046082,0.69252,10.411789,0.168423,0.800373,9.772483,-0.259229,-0.115036,0.322942,-0.8533,0.4677,6.7415,34.0,-1.3641,1.8845,-33.7357,5.2973,-4.7697,-0.9317,5.0,993.16,52.305,50.74291,-1.8946033,98.1,NaN,,,18.351,,0 / 24,2460,2018-03-16 11:57:27:899
-0.330994,0.781097,10.342346,0.194752,0.791149,9.772745,-0.514887,-0.024376,0.331095,-0.6697,-8.8703,16.8121,34.0,-1.3641,1.4343,-33.7357,4.7769,-4.6667,-1.0146,5.0,993.16,52.305,50.74291,-1.8946033,98.1,NaN,,,18.351,,0 / 24,2500,2018-03-16 11:57:27:939
-0.220856,0.836166,10.270523,0.283156,0.789651,9.770704,-0.525309,0.035556,0.278343,2.8702,-10.4571,21.8785,34.0,-1.3641,1.5839,-33.7357,2.9785,-4.6091,-1.2704,5.0,993.1567,52.305,50.74291,-1.8946033,98.1,NaN,,,18.351,,0 / 24,2541,2018-03-16 11:57:27:980
-0.206497,0.893631,10.169968,0.314484,0.8546,9.764279,-0.543139,-0.004899,0.08452,13.4899,1.8718,25.3572,34.0,-1.3641,1.8845,-33.7357,359.2159,-4.6779,-1.7946,5.0,993.1633,52.305,50.74291,-1.8946033,98.1,NaN,,,18.351,,0 / 24,2580,2018-03-16 11:57:28:019
0.19574,1.018127,9.619308,0.281728,0.956054,9.755869,-0.011515,0.044597,-0.465864,13.4899,7.6096,27.0051,34.0,-0.914,1.8845,-33.7357,359.6885,-5.385,-1.7322,5.0,993.1633,52.305,50.74291,-1.8946033,98.1,NaN,,,18.351,,0 / 24,2620,2018-03-16 11:57:28:059
0.360931,1.008545,9.645645,0.262393,0.996903,9.752318,0.183271,0.009921,-0.37451,7.4479,9.2567,18.7652,34.0,-0.914,1.5839,-34.0347,0.8958,-5.8345,-1.5412,5.0,993.17,52.305,50.74291,-1.8946033,98.1,NaN,,,18.351,,0 / 24,2660,2018-03-16 11:57:28:099
-0.158615,0.96785,9.597763,0.227154,1.030862,9.749672,-0.512568,-0.058484,-0.405588,-0.3034,0.1023,26.2113,34.0,-0.4639,1.5839,-33.8852,351.8965,-6.034,-1.3347,5.0,993.1733,52.305,50.74291,-1.8946033,98.1,NaN,,,18.351,,0 / 24,2700,2018-03-16 11:57:28:139
0.502197,0.86969,10.102936,0.25518,1.010855,9.751074,0.248167,-0.174604,0.096586,1.4661,4.0085,24.8081,34.0,-0.3143,1.5839,-33.8852,350.9508,-5.9373,-1.4777,5.0,993.1733,52.305,50.74291,-1.8946033,98.1,NaN,,,18.351,,0 / 24,2740,2018-03-16 11:57:28:179
0.408813,0.812225,10.584167,0.220758,1.051745,9.747589,0.05946,-0.225288,0.672984,12.0867,9.2567,18.5825,34.0,-0.3143,1.5839,-33.8852,352.2194,-6.1567,-1.2974,5.0,993.17,53.58368,50.74291,-1.8946033,98.1,NaN,,,18.351,,0 / 24,2780,2018-03-16 11:57:28:219
-0.333389,1.113892,10.04068,0.140734,1.169684,9.735627,-0.221367,-0.119084,0.238378,28.8096,19.6334,22.6102,34.0,-0.0137,1.5839,-33.8852,355.3489,-6.8502,-0.8282,5.0,993.1501,53.58368,50.74291,-1.8946033,98.1,NaN,,,18.351,,0 / 24,2820,2018-03-16 11:57:28:259
0.317841,1.396408,9.999985,0.083692,1.375775,9.709307,0.144252,-0.0344,-0.0527,21.242,1.8718,26.8828,34.0,-0.0137,0.9842,-33.8852,357.1139,-7.7499,-0.4737,5.0,993.1501,53.58368,50.74291,-1.8946033,98.1,NaN,,,18.351,,0 / 24,2860,2018-03-16 11:57:28:299
-0.077209,1.58316,9.964066,0.059042,1.539643,9.684855,-0.145584,0.036558,0.045057,27.1616,11.271,24.6245,34.0,0.7355,0.3845,-34.3353,346.3372,-8.7553,-0.4344,5.0,993.1501,53.58368,50.74291,-1.8946033,98.1,NaN,,,18.351,,0 / 24,2900,2018-03-16 11:57:28:339
0.246017,1.748367,9.025543,0.018907,1.678086,9.66199,0.246818,0.004757,-0.881882,17.6409,4.13,19.8642,34.0,0.7355,0.0839,-34.3353,348.6137,-9.4663,-0.2123,5.0,993.1434,53.58368,50.74291,-1.8946033,98.1,NaN,,,18.351,,0 / 24,2940,2018-03-16 11:57:28:379
-0.247192,1.872864,9.157227,0.051727,1.745327,9.64995,-0.347859,0.073584,-0.591062,-6.1636,-9.053,18.0938,36.0,0.8865,-0.8163,-34.4849,347.6083,-10.2914,-0.1993,5.0,993.14,53.58368,50.74291,-1.8946033,98.1,NaN,,,18.351,,0 / 24,2980,2018-03-16 11:57:28:419
0.516556,1.597519,10.670364,0.132955,1.722485,9.653277,0.343395,-0.163868,0.781542,4.5182,-1.6681,30.4226,36.0,0.8865,-0.8163,-34.4849,344.0895,-10.0499,-0.6909,5.0,993.14,53.58368,50.74291,-1.8946033,98.1,NaN,,,18.351,,0 / 24,3020,2018-03-16 11:57:28:459
0.755981,1.566406,10.756546,0.134612,1.742171,9.649721,0.495964,-0.164553,0.802571,13.3684,5.6565,28.5307,36.0,0.8865,-0.8163,-34.4849,343.588,-10.1162,-0.7891,5.0,993.14,53.58368,50.74291,-1.8946033,98.1,NaN,,,18.351,,0 / 24,3060,2018-03-16 11:57:28:499
2.451065,1.458664,13.145966,0.140967,2.152304,9.566509,2.265735,-0.784358,3.299403,58.6561,-10.7622,-9.4333,36.0,0.7355,-0.8163,-34.4849,343.588,-10.1162,-0.7891,5.0,993.14,53.69507,50.74291,-1.8946033,98.1,NaN,,,18.351,,0 / 24,3100,2018-03-16 11:57:28:539
1.347336,2.057205,10.253769,0.272029,2.650151,9.437854,1.508223,-0.903147,2.037787,130.6168,-34.3219,-61.6181,36.0,0.7355,-4.5654,-34.4849,344.7548,-12.6781,-0.8442,5.0,993.1533,53.69507,50.74291,-1.8946033,98.1,NaN,,,18.351,,0 / 24,3140,2018-03-16 11:57:28:579
1.18454,3.122635,8.122925,0.319074,3.533699,9.142295,0.865095,-0.487585,-1.261614,101.3806,-15.2786,-66.3173,36.0,0.5859,-5.9158,-34.7855,338.673,-17.606,-1.9362,5.0,993.1533,53.69507,50.74291,-1.8946033,98.1,NaN,,,18.351,,0 / 24,3180,2018-03-16 11:57:28:619
-0.37648,4.195236,7.58902,0.189812,4.04195,8.932917,-0.487747,-0.204807,-1.43482,74.5258,17.7414,-45.5658,36.0,0.5859,-9.3658,-34.7855,343.2012,-22.5541,-1.7945,5.0,993.1467,53.69507,50.74291,-1.8946033,98.1,NaN,,,18.351,,0 / 24,3221,2018-03-16 11:57:28:660
-0.117905,4.348465,7.304108,-0.024871,4.464223,8.73158,-0.090023,-0.217656,-1.66829,25.6361,-8.1988,-33.8471,36.0,0.5859,-10.5652,-34.6344,347.1598,-25.5486,-0.6268,5.0,993.1234,53.69507,50.74291,-1.8946033,98.1,NaN,,,18.351,,0 / 24,3260,2018-03-16 11:57:28:699
-0.656601,4.305374,8.771759,-0.026766,4.531268,8.69697,-0.606463,-0.346733,-0.099548,8.9122,-10.5795,-19.6255,36.0,0.5859,-11.4655,-34.0347,351.5439,-27.4338,0.2062,5.0,993.1234,53.69507,50.74291,-1.8946033,98.1,NaN,,,18.351,,0 / 24,3300,2018-03-16 11:57:28:739
-0.177765,4.374802,8.975266,-0.122135,4.671988,8.621369,-0.029984,-0.404349,0.117182,33.2046,20.06,-13.8274,36.0,0.5859,-11.615,-34.0347,352.1461,-28.0022,0.4366,5.0,993.11,53.69507,50.74291,-1.8946033,98.1,NaN,,,18.351,,0 / 24,3340,2018-03-16 11:57:28:779
-0.55365,4.937439,7.723099,-0.272594,4.833955,8.528129,-0.244804,-0.026725,-0.975521,22.4013,11.0883,-16.6958,36.0,0.7355,-12.0651,-33.1345,356.7472,-28.7929,1.1231,5.0,993.1234,53.69507,50.74291,-1.8946033,98.1,NaN,,,18.351,,0 / 24,3380,2018-03-16 11:57:28:819
-0.675751,4.951798,7.639298,-0.245391,4.803706,8.546027,-0.379487,0.052233,-1.05481,-21.8487,-20.7725,-4.4893,36.0,0.5859,-12.3657,-33.1345,0.9181,-29.63,1.8996,5.0,993.1234,53.69507,50.74291,-1.8946033,98.1,NaN,,,18.351,,0 / 24,3420,2018-03-16 11:57:28:859
-0.043686,4.48494,8.44136,-0.153394,4.668411,8.622808,-0.017474,-0.191621,-0.401474,-32.4693,-17.5377,5.1547,36.0,0.5859,-12.6663,-32.6843,354.4936,-28.4274,1.0191,5.0,993.1199,56.98859,50.74291,-1.8946033,98.1,NaN,,,18.351,,0 / 24,3460,2018-03-16 11:57:28:899
0.468674,4.235932,7.902664,-0.053562,4.473389,8.726758,0.481014,-0.343394,-0.864776,-34.9111,-8.8091,-3.9394,36.0,0.7355,-12.0651,-33.4351,349.6745,-27.1395,0.3517,5.0,993.11,56.98859,50.74291,-1.8946033,98.1,NaN,,,18.351,,0 / 24,3500,2018-03-16 11:57:28:939
0.126297,3.958206,8.058289,-0.054991,4.146472,8.88674,0.188564,-0.24967,-0.957383,-66.2823,6.2055,-12.1182,36.0,0.8865,-10.5652,-33.4351,348.7129,-25.0129,0.3545,5.0,993.11,56.98859,50.74291,-1.8946033,98.1,NaN,,,18.351,,0 / 24,3540,2018-03-16 11:57:28:979
-0.39563,3.721176,9.463684,-0.09501,3.676504,9.090913,-0.310942,-0.142717,0.186839,-65.9169,-5.208,-6.0149,36.0,0.8865,-9.2163,-33.5846,353.0322,-22.9996,0.6546,5.0,993.1033,56.98859,50.74291,-1.8946033,98.1,NaN,,,18.351,,0 / 24,3581,2018-03-16 11:57:29:020
-0.038895,3.26149,9.712677,0.073083,3.258874,9.249043,-0.022458,-0.134541,0.296174,-65.7333,-36.3362,-2.2914,36.0,0.8865,-8.165,-33.5846,347.3837,-20.3913,0.0451,5.0,993.1033,56.98859,50.74291,-1.8946033,98.1,NaN,,,18.351,,0 / 24,3620,2018-03-16 11:57:29:059
0.727249,2.7659,9.138062,0.287977,2.815043,9.389516,0.446694,-0.154564,-0.420692,-75.1325,-29.5003,-15.2926,36.0,0.5859,-6.366,-34.0347,336.9998,-17.3969,-1.4837,5.0,993.1033,56.98859,50.74291,-1.8946033,98.1,NaN,,,18.351,,0 / 24,3660,2018-03-16 11:57:29:099
0.17897,2.404373,10.488403,0.383994,2.453691,9.486956,-0.252256,-0.148273,0.952752,-64.2077,-17.9644,-13.5834,36.0,-1.6647,-2.7649,-34.3353,6.3335,-14.4898,-2.3178,5.0,993.1133,56.98859,50.74291,-1.8946033,98.1,NaN,,,18.351,,0 / 24,3700,2018-03-16 11:57:29:139
0.748795,1.968628,10.287292,0.50775,2.08369,9.569263,0.187341,-0.174702,0.594567,-34.4836,-23.0911,-14.8039,34.0,-1.6647,-3.215,-34.0347,2.6023,-12.2676,-3.0373,5.0,993.1266,56.98859,50.74291,-1.8946033,98.1,NaN,,,18.351,,0 / 24,3740,2018-03-16 11:57:29:179
0.147842,2.002152,9.537903,0.650661,1.824031,9.613529,-0.333619,0.054685,-0.3108,-39.3664,-22.9695,-18.0999,34.0,-1.5137,-2.916,-34.0347,357.8564,-11.2739,-3.6005,5.0,993.1266,57.14719,50.74291,-1.8946033,98.1,NaN,,,18.351,,0 / 24,3780,2018-03-16 11:57:29:219
0.684143,1.666962,9.430161,0.756723,1.604035,9.644938,-0.123,0.128852,-0.366258,-46.6298,-24.8615,-8.5783,34.0,-1.6647,-1.7151,-34.0347,357.8564,-11.2739,-3.6005,5.0,993.1333,57.14719,50.74291,-1.8946033,98.1,NaN,,,18.351,,0 / 24,3820,2018-03-16 11:57:29:259
-0.675751,1.702866,9.039902,0.898675,1.247146,9.685422,-1.5383,0.475601,-0.844212,-56.3341,-10.8846,-1.0098,34.0,-3.7643,-0.0656,-34.0347,1.8024,-8.7377,-4.8208,5.0,993.1234,57.14719,50.74291,-1.8946033,98.1,NaN,,,18.351,,0 / 24,3860,2018-03-16 11:57:29:299
-1.068405,1.365295,10.442902,0.971961,0.801897,9.725361,-2.010339,0.447842,0.578051,-55.9066,-11.0673,34.8788,34.0,-3.6148,0.5341,-33.8852,10.9445,-7.3063,-5.3011,5.0,993.1234,57.14719,50.74291,-1.8946033,98.1,NaN,,,18.351,,0 / 24,3900,2018-03-16 11:57:29:339
0.741608,0.5345,10.05983,0.982798,0.565935,9.740852,-0.263166,-0.030732,0.032752,-16.8444,16.4589,40.1279,34.0,-3.6148,3.685,-33.8852,8.7888,-4.2098,-5.8015,5.0,993.11,57.14719,50.74291,-1.8946033,98.1,NaN,,,18.351,,0 / 24,3940,2018-03-16 11:57:29:379
0.181366,0.419571,9.389465,0.848823,0.34452,9.763769,-0.725607,0.103169,-0.611497,-35.3378,12.8578,45.1933,34.0,-3.6148,3.685,-34.0347,9.5647,-2.6036,-5.1444,5.0,993.1199,57.14719,50.74291,-1.8946033,98.1,NaN,,,18.351,,0 / 24,3980,2018-03-16 11:57:29:419
1.134262,-0.092773,10.737396,0.798489,0.047543,9.773973,0.293475,-0.201833,0.764536,-31.3703,13.9568,38.4799,34.0,-3.1647,4.5837,-33.8852,1.2988,-0.8522,-4.8329,5.0,993.1199,57.14719,50.74291,-1.8946033,98.1,NaN,,,18.351,,0 / 24,4020,2018-03-16 11:57:29:459
0.760757,-0.566833,10.890625,0.711793,-0.085012,9.780416,0.153336,-0.492207,0.87764,-15.0129,17.07,34.5125,34.0,-1.5137,5.0339,-32.8354,355.1419,0.4967,-4.1625,5.0,993.1301,57.14719,50.74291,-1.8946033,98.1,NaN,,,18.351,,0 / 24,4060,2018-03-16 11:57:29:499
0.923569,-0.607529,11.137222,0.579706,-0.161492,9.788168,0.407185,-0.502484,1.060289,5.6163,27.5673,33.9022,34.0,-1.3641,5.1849,-32.8354,347.9306,0.9436,-3.3894,5.0,993.1333,59.04706,50.74291,-1.8946033,98.1,NaN,,,18.351,,0 / 24,4101,2018-03-16 11:57:29:540
1.388046,-0.571625,10.63205,0.321632,-0.065319,9.801157,1.105921,-0.452174,0.588,20.8145,33.6102,20.352,34.0,-1.0635,5.1849,-33.1345,359.0067,0.3816,-1.8795,5.0,993.1434,59.04706,50.74291,-1.8946033,98.1,NaN,,,18.351,,0 / 24,4140,2018-03-16 11:57:29:579
0.825409,-0.207703,9.770142,0.159423,0.03979,9.805273,0.779732,-0.247196,-0.288739,15.6266,29.704,6.8027,34.0,-1.0635,5.0339,-33.1345,5.1576,-0.2325,-0.9315,5.0,993.1434,59.04706,50.74291,-1.8946033,98.1,NaN,,,18.351,,0 / 24,4181,2018-03-16 11:57:29:620
0.394455,-0.013779,10.409393,0.003314,0.116283,9.80596,0.340694,-0.150843,0.309379,9.7061,9.9893,2.774,34.0,-0.4639,5.0339,-33.4351,5.1576,-0.2325,-0.9315,5.0,993.1333,59.04706,50.74291,-1.8946033,98.1,NaN,,,18.351,,0 / 24,4221,2018-03-16 11:57:29:660
0.442337,-0.013779,10.648804,-0.065107,0.21528,9.804071,0.510149,-0.216054,0.658549,21.6686,17.1303,-3.574,34.0,1.3351,5.0339,-32.9849,0.4362,-0.7776,0.072,5.0,993.1301,59.04706,50.74291,-1.8946033,98.1,NaN,,,18.351,,0 / 24,4260,2018-03-16 11:57:29:699
0.854141,0.23523,9.667191,-0.216964,0.395444,9.796272,1.146816,-0.207784,0.122875,34.6086,30.9245,-20.1754,34.0,1.9363,5.0339,-32.9849,344.162,-1.5076,0.5825,5.0,993.1301,59.04706,50.74291,-1.8946033,98.1,NaN,,,18.351,,0 / 24,4300,2018-03-16 11:57:29:739
0.45192,0.412399,9.846756,-0.374456,0.577447,9.78247,0.916399,-0.217858,-0.133335,12.147,1.5055,-44.2229,34.0,2.2354,4.4342,-33.1345,351.1993,-2.7936,1.6958,5.0,993.1199,59.04706,50.74291,-1.8946033,98.1,NaN,,,18.351,,0 / 24,4340,2018-03-16 11:57:29:779
-0.206497,0.606323,9.473251,-0.374207,0.613434,9.780289,0.192958,-0.043746,-0.513089,1.7101,-1.912,-44.1617,36.0,1.7853,2.4841,-33.1345,353.2427,-3.518,2.2318,5.0,993.1367,59.04706,50.74291,-1.8946033,98.1,NaN,,,18.351,,0 / 24,4380,2018-03-16 11:57:29:819
-0.153824,0.833771,9.597763,-0.523362,0.594993,9.774582,0.370859,0.212013,-0.406203,-1.891,22.9897,-36.4105,36.0,1.7853,2.9343,-32.9849,351.0864,-3.5598,2.3677,5.0,993.1367,53.17865,50.74291,-1.8946033,98.1,NaN,,,18.351,,0 / 24,4421,2018-03-16 11:57:29:860
-0.63266,0.903214,10.380661,-0.615718,0.58741,9.769659,0.021754,0.309189,0.372577,2.9314,5.7168,-40.0116,36.0,1.7853,2.4841,-32.6843,356.6718,-3.4784,3.0649,5.0,993.1567,53.17865,50.74291,-1.8946033,98.1,NaN,,,18.351,,0 / 24,4460,2018-03-16 11:57:29:899
-0.941513,0.80983,10.263336,-0.578986,0.6174,9.770056,-0.349496,0.183325,0.274591,14.0398,-10.0908,-31.8328,36.0,2.3865,2.6337,-32.6843,1.1423,-3.4573,3.6406,5.0,993.16,53.17865,50.74291,-1.8946033,98.1,NaN,,,18.351,,0 / 24,4500,2018-03-16 11:57:29:939
-0.965454,0.752365,9.956879,-0.567836,0.720762,9.76363,-0.413481,0.032037,-0.030415,19.5328,3.9473,-30.3072,36.0,2.3865,2.6337,-33.1345,358.7712,-4.0364,3.2705,5.0,993.16,53.17865,50.74291,-1.8946033,98.1,NaN,,,18.351,,0 / 24,4540,2018-03-16 11:57:29:979
-0.726028,0.807434,10.392624,-0.584675,0.850887,9.752155,-0.192662,-0.065252,0.293426,16.6032,-8.504,-26.5226,36.0,1.3351,2.034,-33.5846,12.5487,-4.7469,3.4871,5.0,993.1434,53.17865,50.74291,-1.8946033,98.1,NaN,,,18.351,,0 / 24,4580,2018-03-16 11:57:30:019
-0.350143,0.726044,10.129272,-0.519958,0.95941,9.745747,0.206968,-0.261503,0.108202,24.0493,-6.3069,-35.4339,36.0,1.3351,1.2848,-33.5846,13.025,-5.2179,3.2779,5.0,993.11,53.17865,50.74291,-1.8946033,98.1,NaN,,,18.351,,0 / 24,4620,2018-03-16 11:57:30:059
-0.354935,0.769135,8.747818,-0.572156,1.087611,9.729343,0.117403,-0.192974,-1.251344,10.1336,16.7649,-50.6925,36.0,0.8865,1.2848,-33.5846,10.128,-6.2102,3.0908,5.0,993.11,53.17865,50.74291,-1.8946033,98.1,NaN,,,18.351,,0 / 24,4660,2018-03-16 11:57:30:099
-1.295853,1.121079,8.766968,-0.710051,1.036569,9.725829,-0.464516,0.078541,-1.042374,-13.7924,6.2667,-32.8094,36.0,0.5859,0.9842,-33.5846,16.2752,-6.2852,4.0039,5.0,993.0833,53.17865,50.74291,-1.8946033,98.1,NaN,,,18.351,,0 / 24,4701,2018-03-16 11:57:30:140
-1.032486,0.879272,9.588181,-0.766865,0.892613,9.735787,-0.203557,-0.02527,-0.423161,-22.8253,2.6656,-26.6449,36.0,0.5859,0.9842,-33.7357,20.4849,-5.575,4.3891,5.0,993.08,48.5049,50.74291,-1.8946033,98.1,NaN,,,18.351,,0 / 24,4741,2018-03-16 11:57:30:180
-0.86969,0.615906,10.222641,-0.72259,0.740439,9.751924,-0.335064,0.004422,-0.123791,-33.8122,-29.3779,-19.1376,36.0,0.5859,0.9842,-33.7357,20.4849,-5.575,4.3891,5.0,993.08,48.5049,50.74291,-1.8946033,98.1,NaN,,,18.351,,0 / 24,4781,2018-03-16 11:57:30:220
-0.587173,0.457886,10.038284,-0.537875,0.503317,9.778944,-0.014525,-0.030437,0.222803,-22.6426,-15.401,-19.4428,36.0,0.7355,1.2848,-33.7357,23.0384,-4.3302,4.2377,5.0,993.0866,48.5049,50.74291,-1.8946033,98.1,NaN,,,18.351,,0 / 24,4820,2018-03-16 11:57:30:259
-0.704483,0.467468,9.746201,-0.474359,0.343223,9.789156,-0.209833,0.111362,-0.246556,-25.6946,-7.0396,-17.9775,36.0,0.2853,2.4841,-33.7357,9.2332,-2.7118,3.0217,5.0,993.0967,48.5049,50.74291,-1.8946033,98.1,NaN,,,18.351,,0 / 24,4861,2018-03-16 11:57:30:300
-0.663788,0.333389,9.897034,-0.438214,0.111142,9.796224,-0.153419,0.20687,-0.054383,-27.4641,-3.7436,-12.9732,36.0,0.2853,2.6337,-32.8354,27.3073,-2.0057,2.7742,5.0,993.0967,48.5049,50.74291,-1.8946033,98.1,NaN,,,18.351,,0 / 24,4901,2018-03-16 11:57:30:340
-0.292679,0.046082,10.131668,-0.382789,-0.037973,9.799104,0.087901,0.06588,0.202329,-31.004,-17.5377,-15.2926,36.0,-1.0635,3.3844,-32.8354,36.2564,-0.6494,2.5613,5.0,993.0967,48.5049,50.74291,-1.8946033,98.1,NaN,,,18.351,,0 / 24,4941,2018-03-16 11:57:30:380
-0.675751,-0.140671,10.684723,-0.263999,-0.236333,9.800247,-0.395618,0.126799,0.663898,-20.6283,-10.2744,-13.3998,36.0,-1.0635,4.8843,-32.9849,30.5481,0.9878,1.7809,5.0,993.08,48.5049,50.74291,-1.8946033,98.1,NaN,,,18.351,,0 / 24,4980,2018-03-16 11:57:30:419
-0.785889,-0.224457,10.873871,-0.261464,-0.335338,9.797427,-0.512854,0.094109,0.844235,-2.0738,7.4872,-3.4516,36.0,-1.0635,5.484,-33.4351,24.9896,1.9181,1.4155,5.0,993.08,48.5049,50.74291,-1.8946033,98.1,NaN,,,18.351,,0 / 24,5020,2018-03-16 11:57:30:459
-0.532104,-0.341782,10.493195,-0.283311,-0.319087,9.797361,-0.268924,0.044141,0.579355,4.0295,-3.9875,1.4924,36.0,-1.0635,5.9341,-33.4351,21.6644,1.9261,1.6365,5.0,993.08,55.76956,50.74291,-1.8946033,98.1,NaN,,,18.351,,0 / 24,5060,2018-03-16 11:57:30:499
-0.450699,-0.210098,10.483612,-0.232717,-0.300979,9.799268,-0.30975,0.125134,0.395923,0.8559,-12.9601,1.9802,36.0,-1.3641,5.0339,-32.8354,24.1029,1.7588,1.3604,5.0,993.07,55.76956,50.74291,-1.8946033,98.1,NaN,,,18.351,,0 / 24,5100,2018-03-16 11:57:30:539
-0.426758,-0.174179,10.282501,-0.173834,-0.256562,9.801753,-0.269305,0.049934,0.311729,11.6592,-0.0201,2.0414,36.0,-1.5137,4.8843,-32.6843,32.0038,1.4991,1.016,5.0,993.07,55.76956,50.74291,-1.8946033,98.1,NaN,,,18.351,,0 / 24,5141,2018-03-16 11:57:30:580
-0.702087,-0.078415,9.566635,-0.180189,-0.199688,9.802961,-0.548928,0.135381,-0.471232,8.0581,-0.5691,2.8964,36.0,-1.3641,4.8843,-32.6843,31.0553,1.1668,1.053,5.0,993.08,55.76956,50.74291,-1.8946033,98.1,NaN,,,18.351,,0 / 24,5181,2018-03-16 11:57:30:620
-0.309448,-0.107147,10.114899,-0.085662,-0.206304,9.804106,-0.410991,0.179209,0.229023,2.0764,-16.5603,12.6008,36.0,-1.6647,5.0339,-32.6843,31.0553,1.1668,1.053,5.0,993.06,55.76956,50.74291,-1.8946033,98.1,NaN,,,18.351,,0 / 24,5220,2018-03-16 11:57:30:659
-0.469849,-0.05687,9.947311,-0.023018,-0.14757,9.805513,-0.449914,0.04014,-0.127772,9.8888,-1.8517,15.1641,34.0,-1.9638,4.4342,-32.6843,26.5141,1.1445,0.2869,5.0,993.06,55.76956,50.74291,-1.8946033,98.1,NaN,,,18.351,,0 / 24,5260,2018-03-16 11:57:30:699
-0.819412,0.036499,10.141235,0.006336,-0.079065,9.806329,-0.802739,0.137138,0.094055,7.753,-8.26,24.503,34.0,-1.9638,4.4342,-32.8354,30.6699,0.8622,0.1345,5.0,993.06,55.76956,50.74291,-1.8946033,98.1,NaN,,,18.351,,0 / 24,5301,2018-03-16 11:57:30:740
0.186157,-0.080811,10.093353,0.075488,-0.043912,9.806261,0.168109,-0.054033,0.023808,10.1939,0.7125,31.3992,34.0,-1.5137,4.2847,-33.1345,27.9207,0.4619,-0.037,5.0,993.06,55.76956,50.74291,-1.8946033,98.1,NaN,,,18.351,,0 / 24,5340,2018-03-16 11:57:30:779
-0.31662,0.024536,10.167572,0.049917,0.036512,9.806456,-0.535258,-0.030765,0.171834,9.8285,-0.8139,29.6297,34.0,-1.5137,4.2847,-33.1345,23.6186,0.1189,-0.4875,5.0,993.06,59.95731,50.74291,-1.8946033,98.1,NaN,,,18.351,,0 / 24,5380,2018-03-16 11:57:30:819
-0.208893,0.153824,10.653595,0.162436,0.092327,9.80487,-0.158911,-0.093775,0.67148,17.4573,-20.345,49.2832,34.0,-1.5137,3.685,-32.6843,23.958,-0.2133,-0.2916,5.0,993.06,59.95731,50.74291,-1.8946033,98.1,NaN,,,18.351,,0 / 24,5421,2018-03-16 11:57:30:860
-0.642242,0.113113,10.526703,0.157542,0.275765,9.801506,-0.665854,-0.197948,0.464377,31.7393,24.0274,39.5176,34.0,-1.6647,3.5339,-32.6843,18.6281,-0.5394,-0.9491,5.0,993.0633,59.95731,50.74291,-1.8946033,98.1,NaN,,,18.351,,0 / 24,5461,2018-03-16 11:57:30:900
-0.093964,0.328598,10.071808,0.153128,0.511149,9.792123,-0.408914,-0.116306,0.109859,29.6035,-11.1285,46.7198,34.0,-1.5137,3.2349,-32.9849,20.512,-1.6114,-0.9209,5.0,993.0633,59.95731,50.74291,-1.8946033,98.1,NaN,,,18.351,,0 / 24,5500,2018-03-16 11:57:30:939
-0.165787,0.572815,9.518753,0.13577,0.655985,9.783744,-0.271542,-0.092526,-0.493638,28.2606,22.3794,39.9443,34.0,-1.3641,3.2349,-33.5846,17.46,-2.9878,-0.8959,5.0,993.07,59.95731,50.74291,-1.8946033,98.1,NaN,,,18.351,,0 / 24,5540,2018-03-16 11:57:30:979
-0.702087,1.109116,9.327209,-0.043125,0.816098,9.772539,-0.853092,0.359096,-0.626321,16.8471,25.2488,50.7475,34.0,-0.7645,2.6337,-33.5846,6.9661,-4.1054,-0.5677,5.0,993.1066,59.95731,50.74291,-1.8946033,98.1,NaN,,,18.351,,0 / 24,5582,2018-03-16 11:57:31:021
-0.484222,1.173752,8.956116,-0.171659,0.923215,9.761588,-0.232134,0.251565,-0.952984,6.0438,12.9802,48.9168,34.0,0.1358,1.8845,-33.4351,352.3904,-5.0455,0.6006,5.0,993.1066,59.95731,50.74291,-1.8946033,98.1,NaN,,,18.351,,0 / 24,5620,2018-03-16 11:57:31:059
-0.055664,1.353317,8.987228,-0.310489,0.964755,9.754139,0.280943,0.318599,-0.925269,5.7999,39.4083,42.1422,34.0,0.1358,1.5839,-33.4351,7.0962,-5.4754,1.1108,5.0,993.1501,59.95731,50.74291,-1.8946033,98.1,NaN,,,18.351,,0 / 24,5660,2018-03-16 11:57:31:099
-0.180161,1.74118,8.810059,-0.494706,0.993122,9.743683,0.414883,0.782565,-1.219209,2.4427,29.3377,40.1891,34.0,0.8865,1.5839,-33.4351,14.6156,-5.7498,2.3972,5.0,993.19,59.95731,50.74291,-1.8946033,98.1,NaN,,,18.351,,0 / 24,5700,2018-03-16 11:57:31:139
1.242004,1.657379,9.035126,-0.621425,0.972089,9.738545,2.346226,0.779216,-0.815248,-13.4873,32.7561,36.4656,34.0,2.2354,1.5839,-33.4351,359.8189,-5.7737,3.4391,5.0,993.19,55.70534,50.74291,-1.8946033,98.1,NaN,,,18.351,,0 / 24,5740,2018-03-16 11:57:31:179
2.010544,1.781876,9.533112,-0.875403,0.870554,9.728628,2.948704,0.863742,-0.262023,-27.0375,43.986,4.2996,34.0,3.2852,1.5839,-33.4351,355.8642,-5.3587,4.5586,5.0,993.2134,55.70534,50.74291,-1.8946033,98.1,NaN,,,18.351,,0 / 24,5780,2018-03-16 11:57:31:219
2.314606,0.742798,11.388611,-1.134981,0.665925,9.71796,3.394734,0.216851,1.309098,-37.4133,48.0758,-24.0204,34.0,5.0858,3.0838,-33.1345,347.7869,-3.8937,6.6615,5.0,993.2333,55.70534,50.74291,-1.8946033,98.1,NaN,,,18.351,,0 / 24,5821,2018-03-16 11:57:31:260
3.686478,-0.925964,12.281662,-1.424205,0.447971,9.692335,4.956853,-1.028444,2.492456,-2.8676,36.0512,-85.3605,34.0,5.2353,3.0838,-32.6843,358.1084,-2.6182,8.3593,5.0,993.2333,55.70534,50.74291,-1.8946033,98.1,NaN,,,18.351,,0 / 24,5860,2018-03-16 11:57:31:299
5.000901,-3.231583,12.88739,-1.509844,0.278597,9.685719,6.035631,-3.043313,2.744474,-5.6137,-20.1011,-125.4604,34.0,5.0858,3.5339,-32.6843,2.8821,-2.0346,9.0635,5.0,993.2667,55.70534,50.74291,-1.8946033,98.1,NaN,,,18.351,,0 / 24,5901,2018-03-16 11:57:31:340
5.869995,-4.581909,12.389389,-1.291786,0.138106,9.720217,7.201134,-4.76989,2.414046,24.4768,-10.9458,-213.0459,34.0,4.4861,4.2847,-32.6843,4.89,-0.8069,7.5701,5.0,993.2634,55.70534,50.74291,-1.8946033,98.1,NaN,,,18.351,,0 / 24,5940,2018-03-16 11:57:31:379
3.499725,-5.716766,10.928925,-1.110525,3.83E-4,9.743568,4.67596,-5.662089,0.942273,10.1336,-31.8197,-265.4144,34.0,3.5858,4.4342,-32.6843,356.6063,-0.0022,6.5022,5.0,993.2634,55.70534,50.74291,-1.8946033,98.1,NaN,,,18.351,,0 / 24,5980,2018-03-16 11:57:31:419
5.115814,-8.115753,11.273697,-0.714371,-0.250538,9.777387,6.094329,-8.188275,1.226448,10.8654,-32.6739,-317.844,34.0,1.6357,4.4342,-32.9849,7.4064,1.4639,4.1788,5.0,993.2534,55.70534,50.74291,-1.8946033,98.1,NaN,,,18.351,,0 / 24,6020,2018-03-16 11:57:31:459
3.171723,-10.605713,10.550644,-0.519872,-0.323792,9.787506,4.76193,-9.811355,0.686858,20.0818,-32.8575,-390.7192,36.0,-1.9638,2.9343,-33.1345,7.4064,1.4639,4.1788,5.0,993.2034,55.59207,50.74291,-1.8946033,98.1,NaN,,,18.351,,0 / 24,6060,2018-03-16 11:57:31:499
1.016937,-11.46524,9.825211,-0.022079,-0.406603,9.798193,1.034815,-10.879252,0.13569,11.7204,-43.1108,-405.3071,36.0,-1.9638,0.3845,-33.8852,94.6935,2.1296,1.9853,5.0,993.2034,55.59207,50.74291,-1.8946033,98.1,NaN,,,18.351,,0 / 24,6101,2018-03-16 11:57:31:540
1.117493,-12.791626,9.049484,0.497269,-0.502362,9.781142,0.519974,-12.46061,-0.981383,-23.6803,-43.5384,-426.7913,36.0,-3.6148,-0.9659,-33.8852,124.1671,2.3763,0.1291,5.0,993.1867,55.59207,50.74291,-1.8946033,98.1,NaN,,,18.351,,0 / 24,6141,2018-03-16 11:57:31:580
-2.01651,-14.278427,10.447693,0.836154,-0.636184,9.750205,-2.116653,-13.604145,-0.07931,-34.9111,-29.8666,-454.3796,36.0,-6.6147,-3.8162,-33.8852,125.4986,2.9364,-2.9104,5.0,993.1934,55.59207,50.74291,-1.8946033,98.1,NaN,,,18.351,,0 / 24,6181,2018-03-16 11:57:31:620
-3.589508,-12.106888,10.028717,1.213569,-0.54562,9.715962,-4.873146,-11.857697,0.273921,13.0021,-39.7537,-436.1293,39.0,-6.4636,-6.665,-32.8354,162.8533,3.8972,-5.7409,5.0,993.1934,55.59207,50.74291,-1.8946033,98.1,NaN,,,18.351,,0 / 24,6220,2018-03-16 11:57:31:659
-3.309372,-8.012802,8.010407,1.610905,-0.023362,9.673409,-4.983104,-7.894285,-1.867743,-2.3789,-38.1669,-416.1104,39.0,-5.864,-9.5154,-32.6843,171.5606,2.2831,-7.9398,5.0,993.2233,55.59207,50.74291,-1.8946033,98.1,NaN,,,18.351,,0 / 24,6260,2018-03-16 11:57:31:699
-4.884765,-6.468536,9.660004,1.580216,0.122359,9.677724,-6.23363,-6.708673,-0.448949,-39.8542,36.7838,-334.5066,42.0,-5.4138,-11.1649,-32.6843,177.4281,0.1365,-9.4547,5.0,993.2366,55.59207,50.74291,-1.8946033,98.1,NaN,,,18.351,,0 / 24,6301,2018-03-16 11:57:31:740
-4.879974,-6.573883,12.509109,1.172766,0.066538,9.736046,-6.033797,-6.626431,2.596692,-31.9203,31.4132,-260.5316,42.0,-1.6647,-11.615,-32.6843,185.1446,-0.7831,-8.5478,5.0,993.2366,55.59207,50.74291,-1.8946033,98.1,NaN,,,18.351,,0 / 24,6340,2018-03-16 11:57:31:779
-4.398742,-4.591491,11.10611,0.951425,0.099322,9.759882,-5.424786,-4.628718,0.989992,0.3681,7.7311,-253.8181,44.0,0.7355,-11.9156,-32.6843,200.4827,-0.2697,-5.9666,5.0,993.2534,55.15192,50.74291,-1.8946033,98.1,NaN,,,18.351,,0 / 24,6380,2018-03-16 11:57:31:819
-4.647735,-2.436706,9.190735,0.913887,0.169723,9.762499,-5.669503,-2.959036,-0.650916,-13.6709,-8.8703,-213.2907,44.0,1.1856,-11.9156,-32.6843,199.6507,-0.8443,-5.4193,5.0,993.27,55.15192,50.74291,-1.8946033,98.1,NaN,,,18.351,,0 / 24,6420,2018-03-16 11:57:31:859
-2.998138,-1.58197,9.978439,0.860615,0.118618,9.768094,-4.096987,-1.675869,-0.318921,-23.4364,17.3139,-158.4202,47.0,4.0359,-12.2162,-32.3853,203.4932,-0.8782,-5.2264,5.0,993.27,55.15192,50.74291,-1.8946033,98.1,NaN,,,18.351,,0 / 24,6460,2018-03-16 11:57:31:899
-2.773071,-1.730408,10.347137,0.61441,0.120866,9.786637,-3.378186,-1.906828,0.414598,13.1848,40.8736,-143.6495,47.0,4.0359,-11.7661,-32.5348,208.8533,-0.5142,-4.2772,5.0,993.28,55.15192,50.74291,-1.8946033,98.1,NaN,,,18.351,,0 / 24,6500,2018-03-16 11:57:31:939
-3.994125,-0.339386,8.726273,0.482985,0.251356,9.791523,-4.453375,-0.408512,-1.291392,-5.1258,-38.0454,-107.8824,44.0,6.5857,-11.7661,-31.6345,214.0435,-1.06,-2.9633,5.0,993.27,55.15192,50.74291,-1.8946033,98.1,NaN,,,18.351,,0 / 24,6540,2018-03-16 11:57:31:979
-0.448303,-0.322617,9.525925,0.756525,0.187644,9.775625,-2.036523,-0.461686,-0.706645,-17.821,-51.5947,-83.9565,44.0,6.2866,-11.7661,-31.7856,215.2665,-1.3369,-3.537,5.0,993.27,55.15192,50.74291,-1.8946033,98.1,NaN,,,18.351,,0 / 24,6580,2018-03-16 11:57:32:019
-1.657379,0.388458,9.324814,0.808057,0.274772,9.769439,-2.597456,0.161738,-0.70752,24.6595,19.5722,-83.4686,47.0,6.1356,-11.4655,-31.7856,220.36,-1.1749,-5.0624,5.0,993.2634,55.15192,50.74291,-1.8946033,98.1,NaN,,,18.351,,0 / 24,6620,2018-03-16 11:57:32:059
-0.19931,0.795471,8.642471,0.790728,0.413149,9.765984,-0.269402,0.211367,-1.105307,-10.9239,-14.852,-52.4628,47.0,5.5359,-11.4655,-31.7856,221.0911,-2.3789,-4.4166,5.0,993.27,55.15192,50.74291,-1.8946033,98.1,NaN,,,18.351,,0 / 24,6660,2018-03-16 11:57:32:099
2.168549,-0.545288,10.045471,0.788198,0.344261,9.76886,1.405794,-0.778908,-0.039505,-25.0232,22.3794,-98.1169,47.0,5.6854,-11.4655,-31.7856,220.8561,-2.0118,-4.6129,5.0,993.27,55.15192,50.74291,-1.8946033,98.1,NaN,,,18.351,,0 / 24,6700,2018-03-16 11:57:32:139
-0.831375,-1.12468,11.568176,0.637931,0.194162,9.783953,-1.532675,-1.319241,1.583431,-19.8956,-1.6069,-114.4132,47.0,6.8863,-9.816,-31.7856,220.8561,-2.0118,-4.6129,5.0,993.28,56.33748,50.74291,-1.8946033,98.1,NaN,,,18.351,,0 / 24,6740,2018-03-16 11:57:32:179
-0.826599,-0.842163,11.673523,0.657343,0.236106,9.781746,-0.612719,-0.627443,1.889396,9.5225,-2.767,-92.7463,47.0,6.7352,-9.816,-31.7856,224.0444,-1.1345,-3.7305,5.0,993.28,56.33748,50.74291,-1.8946033,98.1,NaN,,,18.351,,0 / 24,6780,2018-03-16 11:57:32:219
0.2939,-0.212494,11.074982,0.4046,0.51937,9.784526,-0.081988,-0.768131,1.116895,43.0925,41.9114,-81.7594,47.0,7.7866,-9.816,-31.9351,224.6574,-1.3796,-3.8446,5.0,993.28,56.33748,50.74291,-1.8946033,98.1,NaN,,,18.351,,0 / 24,6820,2018-03-16 11:57:32:259
-0.735611,0.405212,10.557831,0.193161,0.755185,9.775621,-0.945467,-0.392353,0.543517,19.8991,-5.2692,-72.7877,47.0,8.8364,-9.816,-31.9351,228.2638,-3.0359,-2.3679,5.0,993.2767,56.33748,50.74291,-1.8946033,98.1,NaN,,,18.351,,0 / 24,6860,2018-03-16 11:57:32:299
-0.082001,0.242401,11.422134,0.2361,0.840885,9.767679,-0.309684,-0.58738,1.363739,20.2042,2.5432,-66.6233,44.0,9.8862,-10.7162,-31.485,232.4513,-4.581,-1.1907,5.0,993.27,56.33748,50.74291,-1.8946033,98.1,NaN,,,18.351,,0 / 24,6900,2018-03-16 11:57:32:339
-0.261566,0.192123,10.440521,0.182109,1.057398,9.747775,-0.459204,-0.812762,0.285324,34.4862,-5.4519,-71.9327,44.0,9.8862,-10.7162,-30.7358,232.6557,-5.2374,-1.2514,5.0,993.27,56.33748,50.74291,-1.8946033,98.1,NaN,,,18.351,,0 / 24,6940,2018-03-16 11:57:32:379
-0.27832,0.73082,9.226654,0.202664,1.226325,9.727561,-0.441923,-0.54154,-0.742595,28.2606,-14.7908,-68.6367,44.0,9.436,-10.7162,-30.1346,235.3574,-6.7143,-1.1107,5.0,993.2466,56.33748,50.74291,-1.8946033,98.1,NaN,,,18.351,,0 / 24,6980,2018-03-16 11:57:32:419
-0.575195,0.881653,9.727036,0.20935,1.379642,9.706861,-0.753091,-0.523086,-0.233834,12.3306,-6.3069,-42.2698,44.0,9.5856,-11.1649,-29.985,234.322,-7.6575,-1.2535,5.0,993.22,56.33748,50.74291,-1.8946033,98.1,NaN,,,18.351,,0 / 24,7020,2018-03-16 11:57:32:459
-0.046082,0.958267,10.035889,0.19528,1.447461,9.697274,-0.219492,-0.537572,0.108038,15.5042,-1.4854,-46.3596,44.0,9.5856,-11.1649,-30.1346,238.1747,-8.2732,-1.2164,5.0,993.22,55.50919,50.74291,-1.8946033,98.1,NaN,,,18.351,,0 / 24,7060,2018-03-16 11:57:32:499
-1.061218,0.965454,9.396637,0.138554,1.550651,9.682287,-1.142146,-0.601972,-0.515347,5.6163,-2.5223,-45.5046,42.0,10.6354,-11.1649,-29.8355,241.5515,-8.9547,-0.938,5.0,993.21,55.50919,50.74291,-1.8946033,98.1,NaN,,,18.351,,0 / 24,7100,2018-03-16 11:57:32:539
-1.322189,0.687729,10.155609,0.154543,1.512325,9.688106,-1.164975,-0.894048,0.470454,-9.8862,-19.6124,-21.8234,42.0,10.4858,-11.1649,-29.5349,239.1134,-8.8712,-0.9139,5.0,993.2067,55.50919,50.74291,-1.8946033,98.1,NaN,,,18.351,,0 / 24,7140,2018-03-16 11:57:32:579
-0.922363,0.596756,10.062225,0.252497,1.52992,9.683283,-1.17153,-0.980538,0.173276,19.8379,-5.8182,-17.9172,42.0,9.5856,-10.5652,-29.6844,239.422,-8.7598,-1.4048,5.0,993.2067,55.50919,50.74291,-1.8946033,98.1,NaN,,,18.351,,0 / 24,7180,2018-03-16 11:57:32:619
-1.326981,1.070801,9.008789,0.234362,1.639126,9.665854,-1.588539,-0.609036,-0.891312,13.4296,1.2616,-2.4138,42.0,9.8862,-10.7162,-29.5349,241.2936,-9.6218,-1.3889,5.0,993.1967,55.50919,50.74291,-1.8946033,98.1,NaN,,,18.351,,0 / 24,7220,2018-03-16 11:57:32:659
-0.960663,0.939117,9.585785,0.247097,1.637493,9.665812,-1.213489,-0.707616,-0.656116,-12.9382,-11.6775,6.2527,42.0,9.8862,-10.7162,-29.5349,241.3502,-9.6121,-1.4644,5.0,993.19,55.50919,50.74291,-1.8946033,98.1,NaN,,,18.351,,0 / 24,7260,2018-03-16 11:57:32:699
-1.710052,0.694916,10.399811,0.313149,1.553394,9.677773,-1.735883,-0.877246,0.012326,-10.3137,-7.4662,18.155,42.0,8.9859,-10.7162,-29.5349,241.3502,-9.6121,-1.4644,5.0,993.19,55.50919,50.74291,-1.8946033,98.1,NaN,,,18.351,,0 / 24,7300,2018-03-16 11:57:32:739
-1.367676,0.630264,10.169968,0.346737,1.490152,9.686569,-1.975055,-0.841785,0.385468,4.3346,4.0085,39.1513,42.0,8.9859,-10.7162,-29.6844,237.8993,-8.8417,-2.0337,5.0,993.18,55.50919,50.74291,-1.8946033,98.1,NaN,,,18.351,,0 / 24,7340,2018-03-16 11:57:32:779
-0.299866,0.67337,9.892242,0.396081,1.471733,9.687492,-0.910933,-0.87881,-0.19101,-7.2004,-8.4428,43.3014,42.0,8.9859,-10.7162,-29.985,237.7542,-8.7592,-2.0639,5.0,993.1934,49.27959,50.74291,-1.8946033,98.1,NaN,,,18.351,,0 / 24,7382,2018-03-16 11:57:32:821
-0.582382,0.876877,9.892242,0.469739,1.3961,9.695393,-1.101135,-0.554607,-0.032354,-7.1401,0.285,39.5176,42.0,8.9859,-11.4655,-30.4352,237.7153,-8.4763,-2.5412,5.0,993.1967,49.27959,50.74291,-1.8946033,98.1,NaN,,,18.351,,0 / 24,7421,2018-03-16 11:57:32:860
-1.470627,0.860107,10.107727,0.512092,1.300165,9.706581,-1.978731,-0.489751,0.209531,-11.0463,-4.415,54.1659,42.0,8.5358,-11.4655,-30.4352,237.112,-8.031,-2.8224,5.0,993.1967,49.27959,50.74291,-1.8946033,98.1,NaN,,,18.351,,0 / 24,7460,2018-03-16 11:57:32:899
-0.678146,0.71167,10.141235,0.527885,1.260328,9.710988,-1.353333,-0.506717,0.391148,5.6163,12.7363,67.8377,42.0,7.9361,-11.4655,-30.4352,233.5045,-7.3839,-3.1115,5.0,993.19,49.27959,50.74291,-1.8946033,98.1,NaN,,,18.351,,0 / 24,7500,2018-03-16 11:57:32:939
-1.070801,0.630264,9.62648,0.493821,1.257174,9.713189,-1.356671,-0.63726,-0.346129,-5.6137,6.7546,68.5091,42.0,7.9361,-11.4655,-30.4352,233.3505,-7.4085,-2.9645,5.0,993.1833,49.27959,50.74291,-1.8946033,98.1,NaN,,,18.351,,0 / 24,7541,2018-03-16 11:57:32:980
-0.670975,0.460281,10.234619,0.502601,1.171248,9.723475,-1.325983,-0.686689,0.185159,-7.5668,4.6791,78.5797,42.0,8.2352,-11.4655,-30.4352,232.5573,-7.0584,-2.9117,5.0,993.1833,49.27959,50.74291,-1.8946033,98.1,NaN,,,18.351,,0 / 24,7581,2018-03-16 11:57:33:020
-0.527313,0.290298,10.323196,0.481825,1.124787,9.73001,-1.033142,-0.85261,0.471354,5.7387,18.1069,79.0073,42.0,8.3862,-11.7661,-30.7358,228.6999,-6.6031,-2.9216,5.0,993.18,49.27959,50.74291,-1.8946033,98.1,NaN,,,18.351,,0 / 24,7620,2018-03-16 11:57:33:059
-0.350143,0.505768,9.782104,0.422425,1.133527,9.731755,-1.051441,-0.695216,-0.034989,3.5416,14.3843,81.8145,44.0,7.9361,-11.9156,-30.7358,228.3244,-6.6036,-2.6759,5.0,993.19,49.27959,50.74291,-1.8946033,98.1,NaN,,,18.351,,0 / 24,7661,2018-03-16 11:57:33:100
0.071228,0.51535,10.172363,0.404081,1.094169,9.737038,-0.364635,-0.599729,0.144317,-4.0881,11.8209,79.3124,42.0,5.8365,-12.3657,-30.4352,220.3152,-6.5229,-2.4005,5.0,993.19,48.37113,50.74291,-1.8946033,98.1,NaN,,,18.351,,0 / 24,7700,2018-03-16 11:57:33:139
-0.709274,0.546478,10.373474,0.3001,1.075572,9.742868,-1.23407,-0.519997,0.397376,6.9591,30.497,82.9747,42.0,6.1356,-12.9654,-29.6844,216.2256,-6.2549,-2.0925,5.0,993.19,48.37113,50.74291,-1.8946033,98.1,NaN,,,18.351,,0 / 24,7740,2018-03-16 11:57:33:179
-0.019745,0.445908,9.877884,0.242757,1.107155,9.740927,-0.726506,-0.591851,-0.011682,4.6397,-0.8751,95.6699,42.0,7.9361,-12.9654,-29.985,222.4142,-6.4002,-1.4745,5.0,993.19,48.37113,50.74291,-1.8946033,98.1,NaN,,,18.351,,0 / 24,7781,2018-03-16 11:57:33:220
-0.062836,0.388458,9.988007,0.324785,1.097093,9.739676,-0.262085,-0.732234,0.009108,0.612,4.0688,84.3167,42.0,6.8863,-14.0152,-30.1346,217.0704,-6.4233,-1.9099,5.0,993.1833,48.37113,50.74291,-1.8946033,98.1,NaN,,,18.351,,0 / 24,7820,2018-03-16 11:57:33:259
0.078415,0.328598,10.035889,0.331106,1.098474,9.739308,-0.111744,-0.834231,-0.019509,9.401,10.4169,84.9278,42.0,6.2866,-13.5651,-30.4352,213.5586,-6.4314,-1.9471,5.0,993.2,48.37113,50.74291,-1.8946033,98.1,NaN,,,18.351,,0 / 24,7861,2018-03-16 11:57:33:300
0.633865,0.441132,9.126099,0.334012,1.10608,9.738347,0.305734,-0.729843,-0.797634,-4.3932,3.2147,70.0347,42.0,5.2353,-13.7161,-30.1346,209.7265,-6.5442,-1.9187,5.0,993.2067,48.37113,50.74291,-1.8946033,98.1,NaN,,,18.351,,0 / 24,7900,2018-03-16 11:57:33:339
0.468674,0.328598,9.590576,0.40388,0.981813,9.749016,0.073015,-0.690729,-0.290197,-15.7455,-3.0722,61.8559,42.0,5.2353,-14.1663,-30.4352,209.7265,-6.5442,-1.9187,5.0,993.2067,48.37113,50.74291,-1.8946033,98.1,NaN,,,18.351,,0 / 24,7940,2018-03-16 11:57:33:379
0.562042,0.261566,9.901825,0.45554,0.887425,9.755786,0.089768,-0.639712,-0.059953,-14.1587,-7.4662,58.4988,44.0,5.0858,-14.1663,-31.1844,209.6685,-5.7459,-2.3723,5.0,993.2034,48.37113,50.74291,-1.8946033,98.1,NaN,,,18.351,,0 / 24,7980,2018-03-16 11:57:33:419
1.251572,0.319016,10.105331,0.559389,0.777781,9.75974,0.739152,-0.4137,0.070369,-7.3228,-9.2366,41.8362,44.0,4.1855,-14.3158,-30.8853,209.9863,-5.1919,-2.6734,5.0,993.18,63.18407,50.74291,-1.8946033,98.1,NaN,,,18.351,,0 / 24,8020,2018-03-16 11:57:33:459
1.021729,0.23523,9.415802,0.646958,0.711735,9.759368,0.304973,-0.489004,-0.539422,-10.9239,-13.4479,30.6062,44.0,3.8864,-14.3158,-30.8853,206.8699,-4.4002,-3.4889,5.0,993.18,63.18407,50.74291,-1.8946033,98.1,NaN,,,18.351,,0 / 24,8060,2018-03-16 11:57:33:499
0.736816,-0.011383,10.567413,0.777262,0.505235,9.762734,-0.093623,-0.530649,0.551386,-25.0232,-8.8091,35.8553,44.0,3.4363,-12.9654,-30.8853,207.4597,-3.8571,-4.0658,5.0,993.17,63.18407,50.74291,-1.8946033,98.1,NaN,,,18.351,,0 / 24,8100,2018-03-16 11:57:33:539
1.570007,-0.140671,10.940903,0.777224,0.418612,9.766835,0.721518,-0.530418,1.061873,5.7999,12.0648,28.1032,47.0,2.536,-12.9654,-30.8853,207.4594,-2.5904,-4.662,5.0,993.1667,63.18407,50.74291,-1.8946033,98.1,NaN,,,18.351,,0 / 24,8140,2018-03-16 11:57:33:579
0.925964,0.012558,9.576202,0.707682,0.474651,9.769559,0.176539,-0.438903,-0.447931,1.2834,1.0176,13.3946,47.0,2.536,-12.2162,-30.8853,207.0336,-2.4465,-4.5499,5.0,993.1667,63.18407,50.74291,-1.8946033,98.1,NaN,,,18.351,,0 / 24,8180,2018-03-16 11:57:33:619
1.210877,-0.001801,10.471634,0.794405,0.379231,9.767062,0.411105,-0.414457,0.643363,-13.7312,-12.1051,10.5865,47.0,2.536,-12.2162,-31.1844,206.486,-2.7743,-4.1431,5.0,993.17,63.18407,50.74291,-1.8946033,98.1,NaN,,,18.351,,0 / 24,8220,2018-03-16 11:57:33:659
0.803864,0.089172,10.447693,0.775752,0.393573,9.767993,-0.017006,-0.277406,0.337308,15.5042,12.4312,8.2058,47.0,2.536,-12.2162,-31.9351,207.5002,-2.0769,-4.7613,5.0,993.17,63.18407,50.74291,-1.8946033,98.1,NaN,,,18.351,,0 / 24,8260,2018-03-16 11:57:33:699
1.265945,0.462677,9.70549,0.744511,0.454568,9.767776,0.328631,-0.038082,-0.336871,7.8754,-1.3018,10.159,47.0,2.8366,-12.6663,-31.6345,205.1269,-2.5115,-4.3893,5.0,993.17,63.18407,50.74291,-1.8946033,98.1,NaN,,,18.351,,0 / 24,8300,2018-03-16 11:57:33:739
1.584366,0.443527,9.774933,0.764639,0.462971,9.765826,0.675643,-0.093323,-0.265716,0.4284,-12.2887,1.8587,47.0,2.8366,-12.6663,-31.6345,205.1269,-2.5115,-4.3893,5.0,993.17,63.18407,50.74291,-1.8946033,98.1,NaN,,,18.351,,0 / 24,8340,2018-03-16 11:57:33:779
1.68013,0.438736,9.846756,0.787136,0.463712,9.764003,0.878908,-0.029414,-0.16778,-5.98,-8.3212,-18.8937,47.0,2.8366,-12.6663,-31.6345,205.8318,-2.7103,-4.609,5.0,993.18,53.68416,50.74291,-1.8946033,98.1,NaN,,,18.351,,0 / 24,8380,2018-03-16 11:57:33:819
1.256363,0.321411,10.069412,0.946613,0.429863,9.751387,0.292491,-0.089192,0.08878,-9.2759,-6.4293,-17.1845,47.0,2.3865,-12.6663,-31.7856,203.5464,-2.6256,-5.4442,5.0,993.18,53.68416,50.74291,-1.8946033,98.1,NaN,,,18.351,,0 / 24,8420,2018-03-16 11:57:33:859
1.306641,-0.030533,10.256165,0.982722,0.393907,9.749332,0.355848,-0.391352,0.286675,-3.4778,-2.767,-34.0911,47.0,1.9363,-12.6663,-31.485,203.3677,-2.3362,-5.7064,5.0,993.17,53.68416,50.74291,-1.8946033,98.1,NaN,,,18.351,,0 / 24,8460,2018-03-16 11:57:33:899
1.151016,-0.073624,10.009552,0.988052,0.408843,9.748179,0.127532,-0.474925,0.035735,0.1233,-2.5223,-48.2515,47.0,1.9363,-12.2162,-31.485,205.4421,-2.3328,-5.778,5.0,993.17,53.68416,50.74291,-1.8946033,98.1,NaN,,,18.351,,0 / 24,8501,2018-03-16 11:57:33:940
0.557251,-0.018555,9.566635,0.98277,0.429868,9.747808,-0.336149,-0.474803,-0.350046,-6.5902,-1.4854,-56.9181,47.0,2.2354,-12.3657,-31.485,205.6211,-2.4695,-5.7886,5.0,993.17,53.68416,50.74291,-1.8946033,98.1,NaN,,,18.351,,0 / 24,8540,2018-03-16 11:57:33:979
0.600357,-0.183762,9.796478,0.959951,0.408112,9.751017,-0.333949,-0.584067,-0.174312,-7.2616,8.7689,-57.7119,47.0,2.536,-12.3657,-31.485,209.5814,-2.4484,-5.7013,5.0,993.1667,53.68416,50.74291,-1.8946033,98.1,NaN,,,18.351,,0 / 24,8581,2018-03-16 11:57:34:020
-0.266342,-0.025742,8.683167,0.82251,0.358174,9.76553,-1.049866,-0.426151,-1.42271,-17.0272,17.9854,-48.5566,47.0,4.1855,-12.2162,-31.1844,212.0844,-2.2802,-5.13,5.0,993.1567,53.68416,50.74291,-1.8946033,98.1,NaN,,,18.351,,0 / 24,8620,2018-03-16 11:57:34:059
-0.326202,0.084396,9.154831,0.667641,0.200134,9.78185,-0.928115,-0.12332,-1.093346,-40.8308,34.8307,-40.3167,47.0,4.9362,-12.0651,-31.0348,211.9729,-1.1694,-3.9046,5.0,993.1567,53.68416,50.74291,-1.8946033,98.1,NaN,,,18.351,,0 / 24,8660,2018-03-16 11:57:34:099
-0.766739,-0.09996,10.945694,0.349735,-0.067344,9.80018,-1.170139,-0.061211,0.957293,-18.2485,32.2061,-22.4948,47.0,4.9362,-10.5652,-31.0348,208.5599,0.3935,-2.0438,5.0,993.1333,56.66487,50.74291,-1.8946033,98.1,NaN,,,18.351,,0 / 24,8700,2018-03-16 11:57:34:139
-1.063614,-0.37529,9.52832,0.170176,-0.14018,9.804172,-1.276926,-0.169029,-0.457656,-9.8862,20.1212,-5.2823,47.0,5.8365,-9.5154,-31.0348,212.6432,0.7245,-1.2139,5.0,993.1199,56.66487,50.74291,-1.8946033,98.1,NaN,,,18.351,,0 / 24,8740,2018-03-16 11:57:34:179
-0.615906,-0.423187,10.301651,0.011025,-0.307026,9.801837,-0.631759,-0.134877,0.364364,-23.9242,13.774,1.4312,47.0,6.7352,-9.6649,-31.1844,212.6432,0.7245,-1.2139,5.0,993.1199,56.66487,50.74291,-1.8946033,98.1,NaN,,,18.351,,0 / 24,8780,2018-03-16 11:57:34:219
-0.388458,-0.69133,11.515518,-0.023175,-0.389279,9.798893,-0.528138,-0.314638,1.358314,4.0907,-2.9498,-6.8088,47.0,6.5857,-9.6649,-31.485,212.6823,1.7941,-0.0644,5.0,993.1133,56.66487,50.74291,-1.8946033,98.1,NaN,,,18.351,,0 / 24,8820,2018-03-16 11:57:34:259
-1.247971,-0.439941,10.615295,0.08357,-0.328765,9.800781,-1.30897,-0.16401,0.632593,8.7295,-23.5186,2.7128,47.0,6.8863,-9.6649,-31.485,211.6815,2.275,0.1355,5.0,993.1333,56.66487,50.74291,-1.8946033,98.1,NaN,,,18.351,,0 / 24,8860,2018-03-16 11:57:34:299
-0.168182,-0.404022,10.828369,0.26869,-0.283984,9.798855,-0.469412,-0.131443,0.793756,16.2368,-30.782,10.7089,47.0,6.8863,-9.6649,-31.485,213.364,1.9212,-0.4885,5.0,993.1333,56.66487,50.74291,-1.8946033,98.1,NaN,,,18.351,,0 / 24,8900,2018-03-16 11:57:34:339
-0.994186,-0.150238,9.628876,0.41112,-0.111386,9.797396,-0.975711,-0.216981,0.174899,33.0822,-14.5469,5.0935,50.0,5.8365,-10.1151,-31.485,216.5387,1.4953,-1.8596,5.0,993.1434,56.66487,50.74291,-1.8946033,98.1,NaN,,,18.351,,0 / 24,8940,2018-03-16 11:57:34:379
-1.058823,-0.080811,8.999207,0.540396,0.028059,9.791709,-1.454868,-0.193066,-1.05251,1.4049,-31.331,20.352,50.0,4.4861,-11.3159,-31.1844,216.186,0.2106,-2.5954,5.0,993.1467,56.66487,50.74291,-1.8946033,98.1,NaN,,,18.351,,0 / 24,8980,2018-03-16 11:57:34:419
-1.010941,-0.590775,9.906601,0.684306,-0.040342,9.782662,-1.948645,-0.61419,0.047249,-10.5576,-5.3916,25.4184,47.0,4.0359,-10.5652,-31.1844,210.8283,-0.1231,-3.5811,5.0,993.1467,56.66487,50.74291,-1.8946033,98.1,NaN,,,18.351,,0 / 24,9020,2018-03-16 11:57:34:459
-3.855255,-1.014542,11.572968,0.66236,-0.074027,9.783977,-5.441052,-1.152741,1.854551,9.2174,-7.1611,66.6775,50.0,4.0359,-10.7162,-31.1844,208.9457,0.2357,-4.0014,5.0,993.14,59.50731,50.74291,-1.8946033,98.1,NaN,,,18.351,,0 / 24,9061,2018-03-16 11:57:34:500
-3.115448,-1.773514,11.89859,0.549089,0.136462,9.790316,-3.287978,-1.942112,1.726338,57.4357,31.5347,146.6945,50.0,4.0359,-11.3159,-31.1844,208.4477,0.4325,-3.8729,5.0,993.14,59.50731,50.74291,-1.8946033,98.1,NaN,,,18.351,,0 / 24,9100,2018-03-16 11:57:34:539
-3.781036,-1.371277,11.048645,0.286049,0.446181,9.792318,-4.111584,-1.838566,0.968657,57.0693,33.8541,166.2265,50.0,3.8864,-11.4655,-30.8853,207.8074,-1.5816,-2.5048,5.0,993.14,59.50731,50.74291,-1.8946033,98.1,NaN,,,18.351,,0 / 24,9140,2018-03-16 11:57:34:579
-4.755478,-2.120666,12.114059,0.368663,0.689506,9.775431,-5.145887,-2.770991,1.961118,44.7405,3.4586,221.0971,47.0,2.3865,-11.7661,-30.8853,196.0385,-3.3738,-1.7032,5.0,993.14,59.50731,50.74291,-1.8946033,98.1,NaN,,,18.351,,0 / 24,9180,2018-03-16 11:57:34:619
-3.649353,-2.592331,12.896973,0.216521,1.016037,9.751471,-3.743915,-3.602386,2.6399,108.8879,70.109,261.6857,44.0,0.8865,-15.3656,-30.8853,188.2019,-5.9469,-1.272,5.0,993.1533,59.50731,50.74291,-1.8946033,98.1,NaN,,,18.351,,0 / 24,9220,2018-03-16 11:57:34:659
-3.948624,-3.061584,10.541077,0.115938,1.619269,9.671346,-4.072682,-4.703412,0.614752,75.6239,26.4692,289.2119,39.0,-0.4639,-15.6662,-30.5847,188.2019,-5.9469,-1.272,5.0,993.1533,59.50731,50.74291,-1.8946033,98.1,NaN,,,18.351,,0 / 24,9260,2018-03-16 11:57:34:699
-2.794632,-4.821335,11.434113,0.194041,2.218446,9.550458,-4.260205,-6.530218,2.020854,97.6579,64.0058,334.7444,39.0,-1.9638,-16.8655,-29.8355,177.3723,-10.4685,-1.0085,5.0,993.1533,59.50731,50.74291,-1.8946033,98.1,NaN,,,18.351,,0 / 24,9300,2018-03-16 11:57:34:739
-2.804199,-4.78302,11.357498,0.269576,2.626381,9.444567,-3.232284,-7.616084,1.704061,112.5502,99.5892,344.7539,36.0,-4.364,-18.515,-28.7857,167.5978,-13.0745,-1.1639,5.0,993.16,59.50731,50.74291,-1.8946033,98.1,NaN,,,18.351,,0 / 24,9340,2018-03-16 11:57:34:779
-2.306213,-4.581909,8.843582,0.117333,3.342559,9.218673,-3.630306,-7.909139,0.358081,114.6869,157.3282,392.911,34.0,-6.3141,-18.515,-28.7857,149.6324,-17.9133,-1.2939,5.0,993.16,57.20604,50.74291,-1.8946033,98.1,NaN,,,18.351,,0 / 24,9380,2018-03-16 11:57:34:819
0.858933,-4.040817,8.793304,0.391371,3.654864,9.09171,0.479166,-7.825372,-0.470815,37.3547,90.8614,349.0876,34.0,-7.5134,-18.3655,-28.7857,138.0422,-21.0359,-0.8853,5.0,993.1467,57.20604,50.74291,-1.8946033,98.1,NaN,,,18.351,,0 / 24,9420,2018-03-16 11:57:34:859
-0.522522,-4.062363,8.632889,0.594754,3.561848,9.117559,-1.111452,-7.708564,-0.715655,-5.736,98.1239,336.7587,31.0,-8.7143,-16.8655,-28.7857,131.5378,-21.9089,-2.9882,5.0,993.1333,57.20604,50.74291,-1.8946033,98.1,NaN,,,18.351,,0 / 24,9460,2018-03-16 11:57:34:899
2.831741,-3.97139,9.403824,0.706861,3.320091,9.200419,2.054237,-7.358564,0.077299,-1.3411,118.0825,316.7389,31.0,-9.0134,-13.4155,-29.2343,105.7288,-20.3242,-4.3303,5.0,993.1333,57.20604,50.74291,-1.8946033,98.1,NaN,,,18.351,,0 / 24,9500,2018-03-16 11:57:34:939
2.925125,-3.909134,9.535507,0.595443,3.018573,9.311502,2.381889,-6.967767,0.096472,-31.4315,107.1577,249.112,31.0,-9.0134,-11.1649,-31.1844,93.473,-18.5117,-3.8741,5.0,993.0933,57.20604,50.74291,-1.8946033,98.1,NaN,,,18.351,,0 / 24,9540,2018-03-16 11:57:34:979
1.629852,-3.913925,10.169968,0.48752,2.620944,9.437339,1.177616,-6.566855,0.554265,-80.5652,71.2691,189.2362,31.0,-7.5134,-7.4158,-31.485,75.614,-15.5014,-2.9572,5.0,993.08,57.20604,50.74291,-1.8946033,98.1,NaN,,,18.351,,0 / 24,9580,2018-03-16 11:57:35:019
1.194107,-3.217209,11.489182,0.344502,1.896773,9.615297,0.526492,-5.267916,1.817126,-78.1846,50.9442,174.9543,34.0,-5.7144,-3.8162,-32.0847,64.6064,-11.1523,-2.0519,5.0,993.08,57.20604,50.74291,-1.8946033,98.1,NaN,,,18.351,,0 / 24,9620,2018-03-16 11:57:35:059
2.874848,-2.812591,11.333557,0.18493,1.273498,9.72185,2.446576,-4.127611,1.576152,-63.17,51.9208,143.0331,34.0,-5.2643,-3.215,-34.3353,62.6365,-8.588,-1.4924,5.0,993.0999,57.20604,50.74291,-1.8946033,98.1,NaN,,,18.351,,0 / 24,9661,2018-03-16 11:57:35:100
3.119049,-2.05603,10.758942,-0.016573,0.806127,9.773447,2.970689,-2.890284,0.973254,-73.9732,18.2293,97.9893,34.0,-4.8141,-0.8163,-34.6344,62.2808,-5.7773,-0.3001,5.0,993.1333,58.14685,50.74291,-1.8946033,98.1,NaN,,,18.351,,0 / 24,9701,2018-03-16 11:57:35:140
4.222779,-2.381637,11.086945,0.175306,0.200856,9.803025,4.117636,-2.55944,1.061455,-91.1849,-46.0405,57.4007,34.0,-2.4139,3.3844,-33.8852,21.7838,-2.1192,-0.504,5.0,993.1333,58.14685,50.74291,-1.8946033,98.1,NaN,,,18.351,,0 / 24,9740,2018-03-16 11:57:35:179
1.811813,-2.537262,11.675919,0.421885,-0.289283,9.7933,1.269828,-2.109812,1.716103,-50.536,-19.4908,10.5865,34.0,-3.6148,3.9841,-32.8354,40.4577,1.6904,-2.4667,5.0,993.1533,58.14685,50.74291,-1.8946033,98.1,NaN,,,18.351,,0 / 24,9780,2018-03-16 11:57:35:219
1.694504,-2.032089,11.651978,0.542601,-0.585512,9.774106,0.973567,-1.488556,1.677764,-11.4118,-4.1099,23.0377,34.0,-4.0634,5.1849,-32.8354,35.0246,3.0912,-3.0376,5.0,993.1667,58.14685,50.74291,-1.8946033,98.1,NaN,,,18.351,,0 / 24,9820,2018-03-16 11:57:35:259
-0.144241,-1.301849,10.251373,0.423409,-0.570944,9.780856,-0.443825,-0.695678,0.32026,8.1193,19.0834,48.7332,31.0,-4.364,6.0837,-32.5348,30.5161,3.3744,-2.8054,5.0,993.1667,58.14685,50.74291,-1.8946033,98.1,NaN,,,18.351,,0 / 24,9860,2018-03-16 11:57:35:299
1.589157,-0.964264,11.414948,0.4693,-0.624713,9.775474,1.036639,-0.319984,1.385014,-1.8298,-28.8901,79.739,31.0,-4.2145,6.0837,-32.5348,33.4563,3.5367,-2.4143,5.0,993.17,58.14685,50.74291,-1.8946033,98.1,NaN,,,18.351,,0 / 24,9900,2018-03-16 11:57:35:339
2.999344,-0.904419,10.878647,0.626618,-0.575341,9.769683,2.000976,-0.299415,0.697284,26.1248,-31.2095,41.0432,34.0,-3.1647,6.0837,-32.5348,12.2914,3.3634,-3.6699,5.0,993.1533,58.14685,50.74291,-1.8946033,98.1,NaN,,,18.351,,0 / 24,9940,2018-03-16 11:57:35:379
1.052857,-0.447128,10.153214,0.809152,-0.393825,9.765273,0.296465,-0.078738,0.179422,19.2889,-19.4296,24.6245,31.0,-3.3142,6.0837,-32.5348,12.2914,3.3634,-3.6699,5.0,993.1533,58.14685,50.74291,-1.8946033,98.1,NaN,,,18.351,,0 / 24,9980,2018-03-16 11:57:35:419
0.53331,-0.044891,10.957657,0.909006,-0.33442,9.758702,-0.371354,0.305997,0.967629,10.7438,-6.6121,52.274,31.0,-3.3142,6.2347,-32.5348,3.248,2.3016,-4.7367,5.0,993.14,51.44969,50.74291,-1.8946033,98.1,NaN,,,18.351,,0 / 24,10020,2018-03-16 11:57:35:459
1.134262,-0.542892,10.814011,0.774112,-0.265987,9.77243,0.30728,-0.253503,0.816499,21.4859,38.7369,71.6215,31.0,-3.3142,6.2347,-32.5348,1.2148,1.7521,-5.0117,5.0,993.1301,51.44969,50.74291,-1.8946033,98.1,NaN,,,18.351,,0 / 24,10060,2018-03-16 11:57:35:499
0.971451,-0.425568,10.723038,0.477843,-0.117929,9.794291,0.129286,-0.212421,0.493069,28.8708,36.1124,58.4988,31.0,-3.0136,6.3843,-32.5348,7.8588,1.3222,-3.9452,5.0,993.1301,51.44969,50.74291,-1.8946033,98.1,NaN,,,18.351,,0 / 24,10100,2018-03-16 11:57:35:539
-0.658997,0.874481,9.444519,0.35772,0.030359,9.800076,-0.973188,0.848137,-0.589322,17.7624,-6.5509,89.0779,31.0,-1.5137,5.1849,-32.6843,6.9885,0.4293,-2.4586,5.0,993.1199,51.44969,50.74291,-1.8946033,98.1,NaN,,,18.351,,0 / 24,10140,2018-03-16 11:57:35:579
0.851746,0.802658,8.917801,0.404402,0.18698,9.796523,0.396758,0.642234,-1.12909,26.3075,-1.5457,92.2515,31.0,-0.0137,5.0339,-32.5348,346.2928,-0.4246,-2.2214,5.0,993.11,51.44969,50.74291,-1.8946033,98.1,NaN,,,18.351,,0 / 24,10180,2018-03-16 11:57:35:619
-1.245575,1.82019,9.303268,0.329689,0.339045,9.79524,-1.250257,1.329507,-0.950341,31.8005,13.2241,116.5438,31.0,0.1358,4.8843,-32.5348,347.9321,-1.5326,-2.1832,5.0,993.11,51.44969,50.74291,-1.8946033,98.1,NaN,,,18.351,,0 / 24,10220,2018-03-16 11:57:35:659
1.311432,0.862503,8.65683,0.333343,0.53784,9.786215,0.303778,0.470529,-1.318191,29.4811,7.0597,145.2302,31.0,0.7355,4.8843,-32.6843,342.6613,-3.1439,-1.9509,5.0,993.11,51.44969,50.74291,-1.8946033,98.1,NaN,,,18.351,,0 / 24,10260,2018-03-16 11:57:35:699
2.817383,0.330994,9.226654,0.142659,0.711907,9.779735,2.828489,-0.45726,-0.784752,24.538,58.1464,114.6519,34.0,1.1856,4.4342,-32.6843,342.6613,-3.1439,-1.9509,5.0,993.1033,51.44969,50.74291,-1.8946033,98.1,NaN,,,18.351,,0 / 24,10300,2018-03-16 11:57:35:739
1.893219,0.496185,9.750992,0.021879,0.738194,9.778803,1.882858,-0.26351,-0.22743,-6.1024,-4.9641,63.4427,34.0,3.4363,3.9841,-32.8354,331.3887,-4.163,-0.8357,5.0,993.1033,51.44969,50.74291,-1.8946033,98.1,NaN,,,18.351,,0 / 24,10340,2018-03-16 11:57:35:779
1.778305,0.29747,10.481216,0.199587,0.673856,9.781435,1.381798,-0.279192,0.142678,-1.4635,-6.4293,30.545,34.0,3.4363,3.5339,-32.8354,330.6891,-4.317,-0.1282,5.0,993.11,54.51734,50.74291,-1.8946033,98.1,NaN,,,18.351,,0 / 24,10381,2018-03-16 11:57:35:820
1.040878,0.453094,10.134064,0.006011,0.790188,9.774761,1.061074,-0.340966,0.183219,31.8005,59.2445,2.0414,34.0,3.4363,3.5339,-33.1345,328.7134,-3.8881,-1.3587,5.0,993.1167,54.51734,50.74291,-1.8946033,98.1,NaN,,,18.351,,0 / 24,10420,2018-03-16 11:57:35:859
0.121506,0.493805,9.061447,-0.288554,0.947306,9.756523,0.337129,-0.447074,-0.877371,9.401,17.1915,-32.2603,34.0,3.4363,3.5339,-33.4351,335.5601,-4.6217,-0.0352,5.0,993.1167,54.51734,50.74291,-1.8946033,98.1,NaN,,,18.351,,0 / 24,10460,2018-03-16 11:57:35:899
-0.51535,0.560837,10.031113,-0.263925,0.930589,9.758829,-0.438766,-0.206807,-0.50414,-18.3088,-44.0874,-36.6544,34.0,3.4363,2.9343,-32.3853,341.8757,-5.5433,1.6941,5.0,993.14,54.51734,50.74291,-1.8946033,98.1,NaN,,,18.351,,0 / 24,10501,2018-03-16 11:57:35:940
-0.132278,0.141846,11.225815,-0.132637,0.894318,9.764886,-0.017115,-0.769402,1.193651,29.0544,28.4223,-38.1809,34.0,3.5858,2.9343,-32.6843,329.3852,-5.2324,0.7782,5.0,993.1434,54.51734,50.74291,-1.8946033,98.1,NaN,,,18.351,,0 / 24,10540,2018-03-16 11:57:35:979
-0.532104,0.386063,9.135681,-0.365386,1.090978,9.738925,-0.131253,-0.732172,-0.704274,38.0261,34.404,-42.4534,34.0,3.5858,2.9343,-33.1345,329.3852,-5.2324,0.7782,5.0,993.1367,54.51734,50.74291,-1.8946033,98.1,NaN,,,18.351,,0 / 24,10581,2018-03-16 11:57:36:020
-0.639847,0.591965,9.128494,-0.259915,0.996683,9.752407,-0.287374,-0.435259,-0.575536,-45.2869,-58.7969,-45.4434,34.0,3.8864,2.6337,-32.9849,339.6455,-6.732,2.5174,5.0,993.1367,54.51734,50.74291,-1.8946033,98.1,NaN,,,18.351,,0 / 24,10620,2018-03-16 11:57:36:059
0.147842,0.012558,10.926544,-0.022975,0.79823,9.774082,0.147338,-0.786168,0.891159,-16.1118,-27.5472,-53.1955,34.0,3.5858,2.6337,-32.9849,329.0307,-5.1575,0.7356,5.0,993.1301,54.51734,50.74291,-1.8946033,98.1,NaN,,,18.351,,0 / 24,10661,2018-03-16 11:57:36:100
-0.144241,-0.004196,10.837952,0.021881,0.767343,9.776558,-0.076787,-0.789622,0.886666,-2.5625,-12.7153,-56.2467,34.0,3.5858,2.6337,-32.9849,325.3577,-4.6689,0.1347,5.0,993.1434,54.51734,50.74291,-1.8946033,98.1,NaN,,,18.351,,0 / 24,10701,2018-03-16 11:57:36:140
-0.196915,0.35733,10.423752,0.198573,0.783215,9.773307,-0.425881,-0.451467,0.402908,-9.4587,-25.7768,-43.0636,31.0,2.536,2.9343,-32.9849,325.3577,-4.6689,0.1347,5.0,993.1434,49.53615,50.74291,-1.8946033,98.1,NaN,,,18.351,,0 / 24,10741,2018-03-16 11:57:36:180
0.13588,0.433945,10.63205,0.127471,0.827559,9.770839,-0.012226,-0.422957,0.665773,26.0024,32.6337,-52.1577,31.0,0.8865,3.2349,-32.9849,346.0833,-4.8408,-0.7474,5.0,993.1733,49.53615,50.74291,-1.8946033,98.1,NaN,,,18.351,,0 / 24,10780,2018-03-16 11:57:36:219
-0.745193,0.781097,9.437347,-0.173876,1.018169,9.752102,-0.683793,-0.206923,-0.616068,19.0441,32.5725,-57.8334,31.0,1.1856,2.6337,-32.9849,356.3271,-5.9594,1.0215,5.0,993.1833,49.53615,50.74291,-1.8946033,98.1,NaN,,,18.351,,0 / 24,10821,2018-03-16 11:57:36:260
-0.805038,0.745194,10.660782,-0.391852,1.025352,9.745024,-0.564291,-0.233171,0.421707,-4.2708,24.1498,-46.4199,31.0,2.3865,2.3346,-32.9849,352.9591,-6.0016,2.3026,5.0,993.1833,49.53615,50.74291,-1.8946033,98.1,NaN,,,18.351,,0 / 24,10860,2018-03-16 11:57:36:299
-0.723648,0.551254,10.687119,-0.640188,1.037554,9.730572,-0.135503,-0.491894,0.678575,12.0867,26.9571,-53.8669,31.0,2.2354,2.034,-32.9849,352.9591,-6.0016,2.3026,5.0,993.1833,49.53615,50.74291,-1.8946033,98.1,NaN,,,18.351,,0 / 24,10900,2018-03-16 11:57:36:339
-1.954254,0.694916,10.177155,-0.761505,1.079091,9.717307,-0.924706,-0.470054,0.3836,7.8142,2.9707,-52.4016,31.0,2.8366,2.1851,-33.1345,1.7825,-6.0733,3.7641,5.0,993.1733,49.53615,50.74291,-1.8946033,98.1,NaN,,,18.351,,0 / 24,10940,2018-03-16 11:57:36:379
-1.394012,0.931931,10.339951,-0.780316,1.082229,9.715466,-0.804634,-0.280933,0.42492,11.5368,0.834,-34.4574,29.0,2.8366,2.1851,-33.4351,356.4758,-6.3444,4.5928,5.0,993.1733,49.53615,50.74291,-1.8946033,98.1,NaN,,,18.351,,0 / 24,10980,2018-03-16 11:57:36:419
-1.401199,1.269516,9.516357,-0.843819,1.172409,9.69968,-0.508514,0.039673,-0.294546,18.6778,6.3882,-32.5043,29.0,2.9861,2.034,-33.4351,356.8602,-6.4315,4.6539,5.0,993.17,49.53615,50.74291,-1.8946033,98.1,NaN,,,18.351,,0 / 24,11020,2018-03-16 11:57:36:459
-1.791458,1.470627,9.315247,-0.86648,1.226501,9.69099,-0.90605,0.199389,-0.582652,-1.7686,-12.2275,-26.7673,26.0,2.8366,0.5341,-32.9849,359.4977,-7.0742,5.1025,0.0,993.17,45.97916,50.74291,-1.8946033,98.1,NaN,,,18.351,,0 / 24,11060,2018-03-16 11:57:36:499
-1.437118,1.133057,10.323196,-0.794497,1.179463,9.702991,-0.650394,-0.044672,0.362535,-5.4921,-14.4245,-17.6724,26.0,2.2354,0.235,-32.8354,12.3116,-7.1311,5.0202,0.0,993.17,45.97916,50.74291,-1.8946033,98.1,NaN,,,18.351,,0 / 24,11100,2018-03-16 11:57:36:539
-1.370071,0.910385,10.177155,-0.808729,1.211746,9.697836,-0.592406,-0.322369,0.168614,10.2551,4.0085,-14.6212,23.0,2.2354,0.235,-32.8354,9.5066,-6.8957,4.62,0.0,993.16,45.97916,50.74291,-1.8946033,98.1,NaN,,,18.351,,0 / 24,11140,2018-03-16 11:57:36:579
-1.468231,0.998978,9.62648,-0.831605,1.237153,9.692692,-0.712816,-0.260733,-0.376246,-2.684,-2.8886,-6.2589,23.0,2.2354,0.5341,-33.1345,8.8894,-7.2142,4.8623,0.0,993.16,45.97916,50.74291,-1.8946033,98.1,NaN,,,18.351,,0 / 24,11180,2018-03-16 11:57:36:619
-1.042068,1.061218,9.846756,-0.824265,1.216996,9.695869,-0.315834,-0.194471,-0.130311,-4.3932,-2.7058,-4.7333,23.0,2.3865,0.5341,-33.5846,9.6505,-7.1287,4.8591,0.0,993.16,45.97916,50.74291,-1.8946033,98.1,NaN,,,18.351,,0 / 24,11220,2018-03-16 11:57:36:659
-1.446686,1.061218,9.897034,-0.800016,1.166915,9.704054,-0.617185,-0.09175,-0.086595,-10.1913,-12.4714,-1.7424,23.0,2.3865,0.5341,-33.5846,9.451,-6.9466,4.7978,0.0,993.16,45.97916,50.74291,-1.8946033,98.1,NaN,,,18.351,,0 / 24,11260,2018-03-16 11:57:36:699
-1.164169,0.943909,10.497971,-0.708103,1.090783,9.720039,-0.449925,-0.156721,0.502253,-6.5902,-9.7856,1.6148,23.0,2.3865,0.5341,-33.5846,6.7265,-6.5061,4.3292,0.0,993.1533,45.97916,50.74291,-1.8946033,98.1,NaN,,,18.351,,0 / 24,11300,2018-03-16 11:57:36:739
-0.862503,0.998978,10.052658,-0.706805,1.114155,9.717484,-0.145717,-0.133176,0.158598,7.6306,3.581,1.7975,23.0,2.3865,0.6851,-33.7357,5.2312,-6.4102,4.1052,0.0,993.1533,45.97916,50.74291,-1.8946033,98.1,NaN,,,18.351,,0 / 24,11340,2018-03-16 11:57:36:779
-1.025314,1.068405,9.578598,-0.70646,1.146467,9.713749,-0.36173,-0.094086,-0.525677,-2.0126,-7.6498,1.9802,23.0,1.7853,1.1337,-33.7357,5.8072,-6.6798,4.2142,0.0,993.1434,43.94231,50.74291,-1.8946033,98.1,NaN,,,18.351,,0 / 24,11380,2018-03-16 11:57:36:819
-0.915176,0.989395,10.126877,-0.650133,1.121216,9.720627,-0.287731,-0.1064,0.159493,-0.7309,-3.6212,4.5444,23.0,1.3351,1.1337,-33.7357,3.8081,-6.6077,3.9165,0.0,993.1301,43.94231,50.74291,-1.8946033,98.1,NaN,,,18.351,,0 / 24,11420,2018-03-16 11:57:36:859
-0.752365,0.898422,10.00238,-0.655393,1.138723,9.718239,-0.077545,-0.245402,0.07527,4.1519,3.7025,3.9945,21.0,1.3351,1.8845,-33.4351,14.3469,-6.5687,3.7884,0.0,993.1301,43.94231,50.74291,-1.8946033,98.1,NaN,,,18.351,,0 / 24,11460,2018-03-16 11:57:36:899
-0.931931,0.86969,9.841965,-0.643205,1.125201,9.720627,-0.199026,-0.287697,-0.134138,-6.7738,-7.0999,-1.9863,21.0,1.6357,1.5839,-33.4351,2.3355,-6.6901,3.8809,0.0,993.1301,43.94231,50.74291,-1.8946033,98.1,NaN,,,18.351,,0 / 24,11501,2018-03-16 11:57:36:940
-0.934326,0.92955,10.21785,-0.609169,1.074806,9.728519,-0.316364,-0.184788,0.269982,-4.9422,-2.3395,0.0271,21.0,1.6357,1.4343,-33.4351,1.2462,-6.4152,3.645,0.0,993.1333,43.94231,50.74291,-1.8946033,98.1,NaN,,,18.351,,0 / 24,11540,2018-03-16 11:57:36:979
-0.848144,1.056442,9.715073,-0.635366,1.081806,9.726068,-0.17101,-0.091513,-0.007539,3.908,8.0362,-0.2168,21.0,1.6357,1.2848,-33.5846,1.9147,-6.2876,3.6321,0.0,993.1333,43.94231,50.74291,-1.8946033,98.1,NaN,,,18.351,,0 / 24,11580,2018-03-16 11:57:37:019
-1.128265,1.04686,9.774933,-0.677996,1.082092,9.723157,-0.428075,-0.030451,-0.235261,-5.98,-0.1425,-0.7659,23.0,1.6357,0.6851,-33.4351,3.4045,-6.3945,3.9503,0.0,993.1133,43.94231,50.74291,-1.8946033,98.1,NaN,,,18.351,,0 / 24,11620,2018-03-16 11:57:37:059
-1.087555,1.089951,10.095749,-0.713676,1.046087,9.724545,-0.367391,0.001157,0.136658,-3.0503,4.6187,1.6751,23.0,1.1856,1.1337,-33.5846,16.1152,-6.2462,4.0344,0.0,993.1066,43.94231,50.74291,-1.8946033,98.1,NaN,,,18.351,,0 / 24,11660,2018-03-16 11:57:37:099
-0.970245,1.06601,10.174759,-0.761215,1.050057,9.72051,-0.177071,-0.060986,0.200755,2.9314,5.4729,3.018,23.0,1.1856,1.1337,-33.5846,18.6972,-6.1006,4.311,0.0,993.1066,51.9919,50.74291,-1.8946033,98.1,NaN,,,18.351,,0 / 24,11700,2018-03-16 11:57:37:139
-0.728424,0.946304,10.275314,-0.809993,1.074316,9.713915,0.049587,-0.131125,0.260503,5.5559,9.9893,1.6751,23.0,1.1856,0.9842,-33.5846,20.1174,-6.1997,4.5629,0.0,993.11,51.9919,50.74291,-1.8946033,98.1,NaN,,,18.351,,0 / 24,11740,2018-03-16 11:57:37:179
-1.552032,1.693298,7.387909,-0.871929,1.107231,9.704852,-0.632117,0.539732,-2.208267,-24.4733,-10.6407,0.1495,21.0,1.6357,0.9842,-33.4351,22.0875,-6.3988,4.9528,0.0,993.1234,51.9919,50.74291,-1.8946033,98.1,NaN,,,18.351,,0 / 24,11780,2018-03-16 11:57:37:219
-0.917572,0.658997,11.534668,-0.860103,0.994277,9.718128,0.184397,-0.333716,1.729692,7.3255,14.8109,-8.3956,21.0,1.7853,0.9842,-32.9849,11.1266,-6.1571,5.0155,0.0,993.1234,51.9919,50.74291,-1.8946033,98.1,NaN,,,18.351,,0 / 24,11820,2018-03-16 11:57:37:259
-1.666962,0.994186,9.679153,-0.988921,1.113872,9.692869,-0.621575,-0.12653,-0.275532,19.1053,12.2476,-0.1556,21.0,2.3865,1.1337,-33.1345,13.8436,-6.0324,5.3763,0.0,993.17,51.9919,50.74291,-1.8946033,98.1,NaN,,,18.351,,0 / 24,11860,2018-03-16 11:57:37:299