ACCELEROMETER X (m/s²),ACCELEROMETER Y (m/s²),ACCELEROMETER Z (m/s²),GRAVITY X (m/s²),GRAVITY Y (m/s²),GRAVITY Z (m/s²),LINEAR ACCELERATION X (m/s²),LINEAR ACCELERATION Y (m/s²),LINEAR ACCELERATION Z (m/s²),GYROSCOPE X (°/s),GYROSCOPE Y (°/s),GYROSCOPE Z (°/s),LIGHT (lux),MAGNETIC FIELD X (μT),MAGNETIC FIELD Y (μT),MAGNETIC FIELD Z (μT),ORIENTATION Z (azimuth °),ORIENTATION X (pitch °),ORIENTATION Y (roll °),PROXIMITY (m),ATMOSPHERIC PRESSURE (hPa),SOUND LEVEL (dB),LOCATION Latitude : ,LOCATION Longitude : ,LOCATION Altitude ( m),LOCATION Altitude-google ( m),LOCATION Altitude-atmospheric pressure ( m),LOCATION Speed ( Kmh),LOCATION Accuracy ( m),LOCATION ORIENTATION (°),Satellites in range,Time since start in ms ,YYYY-MO-DD HH-MI-SS_SSS
-0.45549,-0.88765,10.148422,-0.62078,-0.781836,9.755703,0.054311,-0.051641,-0.013534,-1.7275,2.0799,-4.1361,44,-1.8433,20.0958,-15.8905,9.1629,4.5728,3.641,5,982.14,44.29386,50.742893,-1.8946455,98.1,NaN,,,18.494,,0 / 26,57,2018-03-06 14:57:48:063
-0.498581,-0.791885,10.124481,-0.65775,-0.799481,9.75185,-0.065568,0.018105,0.011989,-1.9715,8.0616,-3.2208,44,-2.4445,20.0958,-15.5899,9.1629,4.5728,3.641,5,982.14,44.29386,50.742893,-1.8946455,98.1,NaN,,,18.494,,0 / 26,97,2018-03-06 14:57:48:103
-1.441894,-0.767944,9.808441,-0.672005,-0.802564,9.750625,-0.716512,0.033203,-0.229275,-1.1785,-8.1123,-4.1361,44,-2.4445,19.9463,-15.4404,9.1172,4.6762,3.8587,5,982.1633,44.29386,50.742893,-1.8946455,98.1,NaN,,,18.494,,0 / 26,137,2018-03-06 14:57:48:143
-0.489014,-1.009766,10.174759,-0.629421,-0.816749,9.75229,0.191381,-0.166431,0.11689,-1.4836,3.1788,-0.2911,44,-2.4445,19.7952,-15.5899,9.2359,4.7774,3.6928,5,982.1833,44.29386,50.742893,-1.8946455,98.1,NaN,,,18.494,,0 / 26,176,2018-03-06 14:57:48:182
-0.477036,-0.942718,10.25856,-0.652146,-0.830717,9.749616,0.066476,-0.050098,0.118594,-1.7887,3.1176,0.6251,44,-2.4445,19.9463,-15.5899,9.2359,4.7774,3.6928,5,982.1833,44.29386,50.742893,-1.8946455,98.1,NaN,,,18.494,,0 / 26,217,2018-03-06 14:57:48:223
-0.649414,-0.794281,9.827606,-0.634514,-0.838673,9.750098,-0.08818,0.019099,-0.172427,-1.606,-7.1969,-1.3892,47,-2.1439,20.0958,-15.5899,9.3589,4.8593,3.8268,5,982.18,44.29386,50.742893,-1.8946455,98.1,NaN,,,18.494,,0 / 26,256,2018-03-06 14:57:48:262
-0.587173,-0.772736,10.016739,-0.600044,-0.848365,9.751441,0.224589,0.073224,-0.012846,-0.9346,0.9206,-2.8545,47,-2.1439,20.6955,-15.5899,9.2234,4.9197,3.6521,5,982.17,46.94742,50.742893,-1.8946455,98.1,NaN,,,18.494,,0 / 26,297,2018-03-06 14:57:48:303
-0.769134,-0.827805,9.973648,-0.601984,-0.858391,9.750444,-0.120636,0.026005,-0.048056,-1.9111,-1.1549,-3.831,47,-2.7435,20.6955,-15.741,8.6827,4.9776,3.5429,5,982.17,46.94742,50.742893,-1.8946455,98.1,NaN,,,18.494,,0 / 26,337,2018-03-06 14:57:48:343
-0.599136,-0.873291,10.014343,-0.594037,-0.87527,9.749432,0.01603,0.025432,-0.009842,-2.948,0.1268,-3.0372,47,-2.4445,20.0958,-15.741,9.1157,5.078,3.4941,5,982.18,46.94742,50.742893,-1.8946455,98.1,NaN,,,18.494,,0 / 26,377,2018-03-06 14:57:48:383
-0.560837,-0.88765,9.920975,-0.593871,-0.893827,9.747757,0.059784,0.017641,-0.157629,-3.1316,0.0664,-3.7698,47,-2.4445,20.0958,-15.4404,8.9013,5.1592,3.4944,5,982.2034,46.94742,50.742893,-1.8946455,98.1,NaN,,,18.494,,0 / 26,417,2018-03-06 14:57:48:423
-0.637451,-0.988205,10.095749,-0.585525,-0.91274,9.74651,0.045012,-0.038624,0.082854,-4.047,-1.46,-3.5259,47,-2.4445,20.2454,-15.4404,8.8931,5.2781,3.463,5,982.2034,46.94742,50.742893,-1.8946455,98.1,NaN,,,18.494,,0 / 26,457,2018-03-06 14:57:48:463
-0.486618,-0.949905,9.995193,-0.567557,-0.941372,9.744849,0.084033,0.026818,-0.049223,-3.8642,-0.6662,-2.7321,47,-2.7435,20.3949,-16.04,12.0479,5.5085,3.3332,5,982.22,46.94742,50.742893,-1.8946455,98.1,NaN,,,18.494,,0 / 26,497,2018-03-06 14:57:48:503
-0.527313,-1.024124,9.806046,-0.562803,-0.966892,9.742626,0.051126,-0.023198,-0.214434,-3.803,2.3247,-1.8779,47,-2.8946,20.3949,-14.8407,12.0479,5.5085,3.3332,5,982.21,46.94742,50.742893,-1.8946455,98.1,NaN,,,18.494,,0 / 26,536,2018-03-06 14:57:48:542
-0.517746,-0.957092,9.932938,-0.563454,-1.008292,9.738391,0.04503,0.087394,-0.094793,-6.4276,-1.1549,-4.0749,50,-2.8946,20.2454,-14.8407,11.8492,5.7303,3.3257,5,982.21,46.94742,50.742893,-1.8946455,98.1,NaN,,,18.494,,0 / 26,576,2018-03-06 14:57:48:582
-0.924759,-1.002579,9.434952,-0.56178,-1.055691,9.733463,-0.284841,0.126338,-0.461542,-8.0144,-0.2999,-2.7933,50,-2.8946,20.0958,-14.9902,11.8696,5.9014,3.3114,5,982.21,42.74399,50.742893,-1.8946455,98.1,NaN,,,18.494,,0 / 26,617,2018-03-06 14:57:48:623
-0.465073,-1.122284,9.657608,-0.572216,-1.109485,9.72687,-0.083798,-0.024355,-0.287643,-13.7513,1.836,-1.1453,52,-2.8946,20.0958,-14.9902,11.9148,6.1799,3.3032,5,982.2266,42.74399,50.742893,-1.8946455,98.1,NaN,,,18.494,,0 / 26,656,2018-03-06 14:57:48:662
-0.649414,-1.191727,9.140457,-0.598868,-1.210543,9.713204,0.127284,0.055104,-0.728392,-18.1462,8.4279,-0.2299,52,-2.2934,19.9463,-14.9902,9.2051,7.0907,3.5281,5,982.2266,42.74399,50.742893,-1.8946455,98.1,NaN,,,18.494,,0 / 26,696,2018-03-06 14:57:48:702
-0.752365,-1.435928,9.03273,-0.670525,-1.404892,9.682306,-0.207694,0.075464,-0.863012,-28.9495,5.1319,0.9302,52,-2.4445,20.2454,-15.1398,9.2051,7.0907,3.5281,5,982.2466,42.74399,50.742893,-1.8946455,98.1,NaN,,,18.494,,0 / 26,736,2018-03-06 14:57:48:742
-0.761948,-1.67775,8.834,-0.687233,-1.593845,9.651827,-0.047108,-0.043597,-1.00389,-34.87,2.1411,2.6997,58,-2.4445,21.5958,-14.9902,12.1786,8.2365,3.9616,5,982.28,42.74399,50.742893,-1.8946455,98.1,NaN,,,18.494,,0 / 26,776,2018-03-06 14:57:48:782
-0.649414,-2.21405,8.970474,-0.735534,-1.828448,9.606568,0.173851,-0.209555,-0.944265,-46.8938,15.2026,4.5313,58,-2.4445,21.5958,-14.5401,9.2148,10.104,4.1958,5,982.28,42.74399,50.742893,-1.8946455,98.1,NaN,,,18.494,,0 / 26,817,2018-03-06 14:57:48:823
-0.848144,-2.087158,8.829224,-0.826433,-2.250241,9.509144,0.023777,0.193809,-0.837973,-57.0256,2.9349,4.8968,66,-2.4445,21.5958,-13.6398,9.7503,12.4525,4.8682,5,982.3233,42.74399,50.742893,-1.8946455,98.1,NaN,,,18.494,,0 / 26,857,2018-03-06 14:57:48:863
-0.694916,-3.035248,8.917801,-0.898093,-2.707397,9.382635,-0.127789,-0.455037,-0.60115,-67.8289,17.6444,10.6957,73,-2.4445,22.1954,-12.291,9.5951,15.0576,5.1761,5,982.3667,42.74399,50.742893,-1.8946455,98.1,NaN,,,18.494,,0 / 26,896,2018-03-06 14:57:48:902
-1.377258,-3.310593,8.704712,-0.979393,-3.168961,9.228698,-0.311454,-0.101303,-0.65724,-73.5658,-1.0325,5.9957,84,-2.4445,22.1954,-10.64,10.0542,17.7714,5.9726,5,982.3667,46.57538,50.742893,-1.8946455,98.1,NaN,,,18.494,,0 / 26,937,2018-03-06 14:57:48:943
-0.582382,-4.057571,8.970474,-0.974046,-3.462514,9.123191,0.417926,-0.519655,-0.344475,-74.6036,0.9206,7.7661,84,-3.1937,24.1455,-10.64,12.5119,20.6757,6.0941,5,982.4167,46.57538,50.742893,-1.8946455,98.1,NaN,,,18.494,,0 / 26,977,2018-03-06 14:57:48:983
-1.772308,-4.392761,8.352768,-1.0747,-3.999329,8.889363,-0.715262,-0.265308,-0.603492,-79.4863,8.8554,21.6818,97,-3.1937,23.8449,-10.3409,12.5119,20.6757,6.0941,5,982.4733,46.57538,50.742893,-1.8946455,98.1,NaN,,,18.494,,0 / 26,1017,2018-03-06 14:57:49:023
-1.219238,-5.525223,9.056671,-1.262277,-4.570062,8.58438,0.123078,-0.901213,0.322994,-90.7172,31.7437,11.1836,105,-1.5442,24.7452,-7.9407,9.6068,27.776,8.365,5,982.4733,46.57538,50.742893,-1.8946455,98.1,NaN,,,18.494,,0 / 26,1057,2018-03-06 14:57:49:063
-2.277481,-4.857239,8.592194,-1.343697,-5.087821,8.275201,-0.818166,0.00198,-0.001582,-88.764,-21.2962,9.4141,105,-2.1439,26.2451,-7.7896,10.0917,31.2527,9.223,5,982.59,46.57538,50.742893,-1.8946455,98.1,NaN,,,18.494,,0 / 26,1097,2018-03-06 14:57:49:103
-0.570419,-6.83725,7.792526,-1.183696,-5.656953,7.922634,0.799478,-1.084537,-0.264949,-94.0131,-16.7186,7.3998,105,-2.2934,26.2451,-4.6402,8.3298,35.2292,8.4975,5,982.76,46.57538,50.742893,-1.8946455,98.1,NaN,,,18.494,,0 / 26,1137,2018-03-06 14:57:49:143
-1.50415,-6.085464,8.079834,-1.222699,-6.101447,7.579429,-0.241469,0.127115,0.403579,-97.3091,2.8737,20.095,118,-2.2934,26.2451,-2.8397,7.4669,38.4751,9.1639,5,982.76,46.57538,50.742893,-1.8946455,98.1,NaN,,,18.494,,0 / 26,1177,2018-03-06 14:57:49:183
-0.745193,-7.368759,7.488465,-1.267127,-6.631631,7.112401,0.4997,-0.457661,0.338423,-94.0131,-1.8263,2.517,124,-2.2934,26.5457,-1.0406,6.2877,42.5504,10.1017,5,982.94,46.57538,50.742893,-1.8946455,98.1,NaN,,,18.494,,0 / 26,1218,2018-03-06 14:57:49:224
-1.748352,-7.557907,7.555496,-1.292456,-7.142785,6.59398,-0.896615,-0.065951,0.651168,-97.004,0.9206,5.0192,118,-1.8433,26.2451,1.5091,4.5679,45.3693,10.74,5,983.0967,44.50678,50.742893,-1.8946455,98.1,NaN,,,18.494,,0 / 26,1257,2018-03-06 14:57:49:263
-1.777084,-7.802109,7.134125,-1.223054,-7.548532,6.13956,0.005538,-0.518195,0.804756,-92.9142,-33.6863,5.6906,118,-1.8433,26.6953,1.6602,4.5679,45.3693,10.74,5,983.0967,44.50678,50.742893,-1.8946455,98.1,NaN,,,18.494,,0 / 26,1296,2018-03-06 14:57:49:302
-0.338181,-8.826828,6.710343,-1.175146,-7.83248,5.782878,0.830359,-0.843736,0.818724,-92.4263,0.8594,3.9202,116,-1.8433,26.6953,2.8595,3.9732,50.3302,11.2663,5,983.2,44.50678,50.742893,-1.8946455,98.1,NaN,,,18.494,,0 / 26,1337,2018-03-06 14:57:49:343
-1.326981,-8.345596,6.18602,-1.222811,-8.208765,5.224107,-0.141397,-0.095703,0.790348,-86.1395,3.4227,-0.3515,113,-2.1439,26.6953,5.2597,2.6258,54.3226,11.9666,5,983.1934,44.50678,50.742893,-1.8946455,98.1,NaN,,,18.494,,0 / 26,1377,2018-03-06 14:57:49:383
-0.998978,-9.403824,5.738297,-1.203132,-8.431536,4.861282,0.19604,-0.7655,0.774346,-85.4069,-14.5827,-4.7464,113,-2.2934,26.6953,6.0104,1.6572,56.8311,13.1741,5,983.1934,44.50678,50.742893,-1.8946455,98.1,NaN,,,18.494,,0 / 26,1417,2018-03-06 14:57:49:423
-1.274307,-9.059067,5.376786,-1.089439,-8.772122,4.246573,-0.167818,-0.124123,1.12671,-85.1018,-20.686,-7.3709,105,-3.3432,26.6953,7.8094,4.3687,60.946,14.1756,5,983.14,44.50678,50.742893,-1.8946455,98.1,NaN,,,18.494,,0 / 26,1456,2018-03-06 14:57:49:462
-1.116287,-9.422989,4.694428,-1.004281,-8.970987,3.831868,-0.062831,-0.252779,0.990901,-75.7025,-1.5815,-7.0658,103,-3.3432,25.4959,9.61,1.9011,65.0313,14.5118,5,983.0433,44.50678,50.742893,-1.8946455,98.1,NaN,,,18.494,,0 / 26,1497,2018-03-06 14:57:49:503
-1.087555,-9.6241,4.170105,-0.974568,-9.178666,3.312506,-0.044851,-0.134999,0.846403,-72.223,2.8125,-3.4035,95,-3.3432,25.1953,11.8591,359.0184,68.3434,15.6808,5,983.0433,44.50678,50.742893,-1.8946455,98.1,NaN,,,18.494,,0 / 26,1537,2018-03-06 14:57:49:543
-0.778702,-10.023926,3.95462,-0.922512,-9.327727,2.883203,0.141917,-0.408471,1.019229,-65.0208,-15.2542,-7.7984,95,-3.3432,25.0458,13.2095,357.831,71.3805,17.4915,5,982.9533,43.84816,50.742893,-1.8946455,98.1,NaN,,,18.494,,0 / 26,1576,2018-03-06 14:57:49:582
-0.012558,-10.210678,3.693649,-0.844397,-9.431815,2.549165,0.765183,-0.441954,1.144155,-55.8052,-6.8306,-9.2628,81,-3.1937,24.5956,12.9105,356.3843,74.1076,18.3272,5,982.9067,43.84816,50.742893,-1.8946455,98.1,NaN,,,18.494,,0 / 26,1616,2018-03-06 14:57:49:622
-0.606323,-10.359116,3.444656,-0.770353,-9.535143,2.158237,0.17052,-0.612982,1.165503,-40.9121,14.0433,-11.9486,68,-3.7933,23.2452,12.9105,358.5478,75.6387,19.1187,5,982.9067,43.84816,50.742893,-1.8946455,98.1,NaN,,,18.494,,0 / 26,1657,2018-03-06 14:57:49:663
-0.922363,-10.263351,3.150177,-0.717723,-9.576817,1.984909,-0.390613,-0.516692,1.113444,-31.6352,0.6767,-11.5823,60,-3.9444,22.9462,13.3591,357.9285,77.571,19.8795,5,982.98,43.84816,50.742893,-1.8946455,98.1,NaN,,,18.494,,0 / 26,1696,2018-03-06 14:57:49:702
-0.577591,-9.918579,2.585144,-0.619192,-9.619676,1.802447,0.058152,-0.056156,0.73333,-17.1085,-6.5867,-9.6291,60,-4.3945,22.9462,15.1596,357.9285,77.571,19.8795,5,983.1301,43.84816,50.742893,-1.8946455,98.1,NaN,,,18.494,,0 / 26,1737,2018-03-06 14:57:49:743
-1.092346,-9.865906,2.374451,-0.574111,-9.637044,1.722837,-0.556718,-0.100927,0.541968,-8.9909,0.8594,-4.624,55,-4.5441,22.6456,15.1596,359.9283,79.2083,18.5249,5,983.1301,43.84816,50.742893,-1.8946455,98.1,NaN,,,18.494,,0 / 26,1777,2018-03-06 14:57:49:783
-0.383667,-9.717468,2.214035,-0.556703,-9.641193,1.705243,0.028818,0.097166,0.429362,-2.4602,-15.8644,-2.6709,55,-4.5441,22.345,14.859,0.2867,79.4602,18.0801,5,983.27,43.84816,50.742893,-1.8946455,98.1,NaN,,,18.494,,0 / 26,1817,2018-03-06 14:57:49:823
0.102356,-9.712677,1.902786,-0.510101,-9.642684,1.711387,0.62727,0.209984,0.164909,1.0185,-11.897,-2.2442,55,-4.5441,22.345,14.859,1.486,79.5079,16.5974,5,983.3499,43.84816,50.742893,-1.8946455,98.1,NaN,,,18.494,,0 / 26,1857,2018-03-06 14:57:49:863
-0.335785,-9.755783,1.878845,-0.493569,-9.642411,1.717753,0.137397,0.158518,0.126202,0.1644,3.3615,-1.9391,55,-4.5441,22.6456,14.859,1.8307,79.4975,16.1496,5,983.3499,46.49387,50.742893,-1.8946455,98.1,NaN,,,18.494,,0 / 26,1896,2018-03-06 14:57:49:902
-0.268738,-9.913803,1.821396,-0.48244,-9.641944,1.723529,0.180985,0.112629,0.101321,1.5072,-2.6805,-1.0229,55,-4.5441,23.2452,14.7095,1.8307,79.4975,16.1496,5,983.3801,46.49387,50.742893,-1.8946455,98.1,NaN,,,18.494,,0 / 26,1937,2018-03-06 14:57:49:943
-0.235229,-10.007172,1.988983,-0.478016,-9.640997,1.730049,0.229462,-0.133512,0.213881,1.0185,4.4605,-0.4739,55,-4.5441,22.7951,14.5599,3.3023,79.466,15.4735,5,983.3699,46.49387,50.742893,-1.8946455,98.1,NaN,,,18.494,,0 / 26,1978,2018-03-06 14:57:49:984
-0.522522,-9.882675,1.852509,-0.467511,-9.640218,1.737247,0.022056,0.085684,0.112177,-0.3847,-3.7182,-2.976,55,-4.0939,22.9462,14.4104,3.3328,79.4382,15.4327,5,983.3699,46.49387,50.742893,-1.8946455,98.1,NaN,,,18.494,,0 / 26,2017,2018-03-06 14:57:50:023
-0.271133,-9.815628,1.835754,-0.432084,-9.641849,1.737371,0.131596,0.084053,0.045613,0.2868,4.7656,-2.6709,55,-3.9444,22.345,13.8092,1.0941,79.4534,14.5672,5,983.3333,46.49387,50.742893,-1.8946455,98.1,NaN,,,18.494,,0 / 26,2056,2018-03-06 14:57:50:062
-0.426758,-9.68634,1.95546,-0.424322,-9.641165,1.743067,-0.023983,0.251031,0.120264,-0.2632,-1.2764,-1.5728,55,-4.0939,22.1954,13.8092,1.7032,79.4786,13.801,5,983.2966,46.49387,50.742893,-1.8946455,98.1,NaN,,,18.494,,0 / 26,2097,2018-03-06 14:57:50:103
-0.467468,-9.820419,1.933914,-0.406454,-9.640021,1.753615,-0.164648,0.039739,0.04819,-0.6295,1.592,-2.427,55,-4.3945,22.1954,13.8092,2.1894,79.4233,13.1861,5,983.2966,46.49387,50.742893,-1.8946455,98.1,NaN,,,18.494,,0 / 26,2137,2018-03-06 14:57:50:143
-0.347748,-9.746201,2.137421,-0.402384,-9.638912,1.760641,0.06464,0.14072,0.291108,-0.3847,-0.5447,-0.1687,55,-5.5939,22.1954,15.3091,7.1774,79.4098,12.9527,5,983.26,46.49387,50.742893,-1.8946455,98.1,NaN,,,18.494,,0 / 26,2177,2018-03-06 14:57:50:183
-0.558441,-9.662399,2.012924,-0.414566,-9.635265,1.777692,-0.225882,0.239341,0.151307,-0.6898,0.1268,0.3803,55,-5.5939,22.1954,14.859,7.147,79.2975,12.9739,5,983.2,44.97753,50.742893,-1.8946455,98.1,NaN,,,18.494,,0 / 26,2216,2018-03-06 14:57:50:222
-0.728424,-9.784515,2.072784,-0.429377,-9.63297,1.786591,-0.253677,0.113084,0.257012,0.2256,-4.6336,2.7609,55,-4.8431,22.1954,14.4104,4.8754,79.2007,13.5138,5,983.2,44.97753,50.742893,-1.8946455,98.1,NaN,,,18.494,,0 / 26,2256,2018-03-06 14:57:50:262
-0.77153,-9.777328,2.158966,-0.468834,-9.625345,1.8175,-0.350991,0.060253,0.408281,2.1175,-9.4552,5.9957,55,-4.8431,22.7951,14.2593,4.8754,79.2007,13.5138,5,983.1234,44.97753,50.742893,-1.8946455,98.1,NaN,,,18.494,,0 / 26,2297,2018-03-06 14:57:50:303
-0.244797,-9.94014,2.091934,-0.493199,-9.620466,1.836786,0.260278,-0.09206,0.204394,0.8358,-5.9765,5.0192,55,-4.8431,22.345,14.4104,4.0621,78.9655,14.4644,5,983.0633,44.97753,50.742893,-1.8946455,98.1,NaN,,,18.494,,0 / 26,2336,2018-03-06 14:57:50:342
-0.738007,-9.892242,2.190094,-0.494496,-9.615143,1.864109,-0.243142,-0.044989,0.263455,0.4083,-8.601,0.9905,55,-4.5441,22.0459,15.3091,2.71,78.7483,15.0414,5,983.0633,44.97753,50.742893,-1.8946455,98.1,NaN,,,18.494,,0 / 26,2376,2018-03-06 14:57:50:382
-0.747589,-9.904221,2.156571,-0.511223,-9.610681,1.88251,-0.196245,0.006396,0.225357,1.0185,-11.5307,2.3946,55,-3.9444,22.345,15.3091,0.0593,78.6583,14.8568,5,983.05,44.97753,50.742893,-1.8946455,98.1,NaN,,,18.494,,0 / 26,2417,2018-03-06 14:57:50:423
-0.852921,-9.851547,2.405579,-0.52984,-9.601007,1.926215,-0.294013,-0.012762,0.408672,4.4981,-23.5544,3.4936,58,-3.4943,22.6456,14.859,359.7201,78.4398,15.2887,5,983.04,44.97753,50.742893,-1.8946455,98.1,NaN,,,18.494,,0 / 26,2457,2018-03-06 14:57:50:463
-1.633438,-9.52594,2.568375,-0.524939,-9.588523,1.98873,-1.060912,0.309033,0.509516,8.7094,-33.7475,3.1884,58,-3.4943,22.7951,14.7095,356.8334,78.2457,15.3799,5,983.04,44.97753,50.742893,-1.8946455,98.1,NaN,,,18.494,,0 / 26,2497,2018-03-06 14:57:50:503
-2.200867,-9.700714,2.522888,-0.549941,-9.57094,2.065199,-1.621501,0.09428,0.391059,12.2493,-33.9914,16.9826,60,-3.3432,22.7951,14.7095,357.4865,77.7173,14.5698,5,983.01,45.32143,50.742893,-1.8946455,98.1,NaN,,,18.494,,0 / 26,2536,2018-03-06 14:57:50:542
-1.959045,-10.232224,2.824555,-0.668855,-9.534931,2.192742,-1.25281,-0.417811,0.55012,16.2167,-59.5042,26.992,68,-3.3432,22.7951,14.7095,356.1897,76.832,16.3248,5,982.93,45.32143,50.742893,-1.8946455,98.1,NaN,,,18.494,,0 / 26,2577,2018-03-06 14:57:50:583
-1.678924,-9.537903,2.76471,-0.756997,-9.491262,2.348039,-0.927022,0.222721,0.492137,21.0383,-85.8108,34.6821,81,-0.4944,22.9462,14.859,352.5303,75.8512,17.6101,5,982.93,45.32143,50.742893,-1.8946455,98.1,NaN,,,18.494,,0 / 26,2617,2018-03-06 14:57:50:623
-1.817795,-9.916183,2.939484,-0.899112,-9.421096,2.570009,-0.973727,-0.322973,0.356038,25.7995,-67.9268,47.2557,81,-0.1938,22.9462,14.859,346.6909,74.9659,18.1319,5,982.8,45.32143,50.742893,-1.8946455,98.1,NaN,,,18.494,,0 / 26,2657,2018-03-06 14:57:50:663
-2.315781,-9.537903,3.346497,-1.130735,-9.330466,2.79897,-1.174882,0.047981,0.505505,30.3772,-63.7155,55.3121,100,0.4059,22.9462,13.3591,345.4994,73.2511,20.2788,5,982.6633,45.32143,50.742893,-1.8946455,98.1,NaN,,,18.494,,0 / 26,2697,2018-03-06 14:57:50:703
-2.595901,-10.253769,3.985748,-1.45307,-9.182262,3.121706,-1.068855,-0.775081,0.783083,38.861,-56.7581,65.749,118,2.2064,23.0957,12.7594,339.0857,71.5511,22.6474,5,982.6633,45.32143,50.742893,-1.8946455,98.1,NaN,,,18.494,,0 / 26,2736,2018-03-06 14:57:50:742
-3.548797,-10.502777,4.05278,-1.710425,-9.046153,3.378159,-1.885453,-1.463305,0.462379,47.8939,-56.2082,79.0545,118,4.1565,23.0957,12.4603,332.2553,67.2871,26.8539,5,982.5467,45.32143,50.742893,-1.8946455,98.1,NaN,,,18.494,,0 / 26,2777,2018-03-06 14:57:50:783
-2.275085,-10.268143,4.361634,-2.044193,-8.818481,3.771743,-0.405315,-1.096984,0.352273,55.5237,-71.0401,74.6604,145,5.5069,23.6954,12.4603,327.7389,64.0577,28.4566,5,982.4333,45.32143,50.742893,-1.8946455,98.1,NaN,,,18.494,,0 / 26,2816,2018-03-06 14:57:50:822
-3.271072,-10.371094,4.433457,-2.290064,-8.580462,4.159526,-1.119208,-1.467756,-0.053811,64.3738,-38.3251,80.8249,169,6.7062,24.1455,10.9604,326.2201,61.0407,28.8354,5,982.4333,40.54581,50.742893,-1.8946455,98.1,NaN,,,18.494,,0 / 26,2857,2018-03-06 14:57:50:863
-2.964615,-9.343979,4.766251,-2.755801,-8.152406,4.702576,-0.363525,-0.866622,-0.16756,66.2657,-33.6863,83.6933,184,7.756,23.8449,9.0103,324.5213,57.6972,29.9929,5,982.3333,40.54581,50.742893,-1.8946455,98.1,NaN,,,18.494,,0 / 26,2896,2018-03-06 14:57:50:902
-3.493729,-9.2099,5.144547,-3.177369,-7.699352,5.176358,-0.260073,-1.150894,-0.102909,70.2935,-23.0666,85.7076,184,9.1064,23.5458,8.2596,323.6839,53.2605,31.1617,5,982.2366,40.54581,50.742893,-1.8946455,98.1,NaN,,,18.494,,0 / 26,2937,2018-03-06 14:57:50:943
-3.374023,-8.675995,5.620987,-3.504946,-7.245304,5.602794,0.216222,-1.090419,-0.352373,71.8199,-27.8882,80.2146,198,10.4568,22.6456,6.459,322.7612,47.6306,32.0289,5,982.1634,40.54581,50.742893,-1.8946455,98.1,NaN,,,18.494,,0 / 26,2977,2018-03-06 14:57:50:983
-3.7164,-8.240249,6.365586,-3.71427,-6.882943,5.916052,0.287073,-1.24722,0.01291,73.773,-23.9819,78.8717,213,13.1561,22.0459,6.3095,315.3719,44.5768,32.1218,5,982.1634,40.54581,50.742893,-1.8946455,98.1,NaN,,,18.494,,0 / 26,3017,2018-03-06 14:57:51:023
-4.295791,-8.048706,6.403885,-4.030291,-6.218275,6.42341,-0.119577,-1.623783,-0.268374,79.6936,-25.2636,81.679,232,13.1561,20.845,5.2597,316.7738,39.3523,32.1057,5,982.1133,40.54581,50.742893,-1.8946455,98.1,NaN,,,18.494,,0 / 26,3057,2018-03-06 14:57:51:063
-4.549576,-7.340027,6.547547,-4.214323,-5.708838,6.768976,-0.215564,-1.437952,-0.455316,82.562,-28.4984,75.7594,232,14.0564,20.845,3.6102,316.4852,35.6012,31.9061,5,982.06,40.54581,50.742893,-1.8946455,98.1,NaN,,,18.494,,0 / 26,3097,2018-03-06 14:57:51:103
-4.259872,-6.944992,6.870758,-4.323403,-5.115762,7.162928,0.2294,-1.63841,-0.599338,78.5946,-51.0203,68.9838,248,16.6061,20.2454,2.8595,310.6347,31.4438,31.1144,5,982.06,40.54581,50.742893,-1.8946455,98.1,NaN,,,18.494,,0 / 26,3137,2018-03-06 14:57:51:143
-3.570343,-5.819717,6.748657,-4.23404,-4.455236,7.641607,0.588604,-1.158354,-1.252959,76.0925,-63.4104,63.552,250,17.9565,18.7454,1.5091,309.4583,27.0204,28.9898,5,981.95,41.75972,50.742893,-1.8946455,98.1,NaN,,,18.494,,0 / 26,3176,2018-03-06 14:57:51:182
-4.022858,-4.553177,7.639298,-4.048637,-3.93041,8.020649,0.323629,-0.703975,-0.522914,69.3169,-56.6357,46.8282,243,17.0563,17.9962,-2.3911,311.2076,24.4427,27.2984,5,981.8467,41.75972,50.742893,-1.8946455,98.1,NaN,,,18.494,,0 / 26,3216,2018-03-06 14:57:51:222
-3.740341,-4.70401,6.861176,-3.922071,-3.344259,8.342881,0.728032,-1.231591,-1.660808,64.9841,-33.5035,44.5088,243,17.6559,17.395,-3.4409,308.9763,21.109,25.6265,5,981.8467,41.75972,50.742893,-1.8946455,98.1,NaN,,,18.494,,0 / 26,3257,2018-03-06 14:57:51:263
-2.988556,-4.285034,7.0168,-3.827295,-2.966172,8.527839,0.980296,-1.183046,-1.835055,55.0349,-27.4606,35.3535,229,18.7058,17.0959,-3.7399,308.3665,18.8799,24.7197,5,981.79,41.75972,50.742893,-1.8946455,98.1,NaN,,,18.494,,0 / 26,3296,2018-03-06 14:57:51:302
-2.861664,-3.533249,7.002442,-3.740945,-2.693002,8.655834,0.981622,-0.782193,-1.899331,44.2316,-32.1607,28.7012,213,18.7058,16.0461,-4.3396,308.3665,18.8799,24.7197,5,981.79,41.75972,50.742893,-1.8946455,98.1,NaN,,,18.494,,0 / 26,3336,2018-03-06 14:57:51:342
-2.902359,-3.317764,7.519593,-3.575299,-2.337477,8.827447,1.008036,-0.90721,-1.626122,29.8885,-17.2073,15.7,213,18.7058,15.7455,-6.1401,307.9495,15.9388,23.3734,5,981.77,41.75972,50.742893,-1.8946455,98.1,NaN,,,18.494,,0 / 26,3376,2018-03-06 14:57:51:382
-3.395569,-2.702453,8.156449,-3.528697,-2.210446,8.878773,0.361608,-0.475203,-1.081569,22.7475,-9.4552,9.5356,206,19.1559,15.4449,-6.8909,309.3667,13.7895,22.049,5,981.7667,41.75972,50.742893,-1.8946455,98.1,NaN,,,18.494,,0 / 26,3416,2018-03-06 14:57:51:422
-3.651749,-2.834137,8.233063,-3.502947,-2.073254,8.92196,-0.039488,-0.640093,-0.959147,11.334,-8.7234,3.3712,208,19.3054,15.2954,-5.9906,307.7424,12.6144,21.526,5,981.7667,41.75972,50.742893,-1.8946455,98.1,NaN,,,18.494,,0 / 26,3456,2018-03-06 14:57:51:462
-2.962219,-2.367279,8.249817,-3.410053,-2.024612,8.968994,0.608435,-0.292389,-0.909739,3.8879,-10.1878,0.0752,208,19.3054,15.1459,-6.2897,307.8218,12.0673,21.2383,5,981.75,43.93521,50.742893,-1.8946455,98.1,NaN,,,18.494,,0 / 26,3497,2018-03-06 14:57:51:503
-3.474579,-2.56839,8.731049,-3.403498,-2.030097,8.970244,0.177131,-0.360966,-0.648411,-0.9949,4.4605,-4.8076,208,18.5562,14.8453,-6.8909,307.9806,11.9135,20.747,5,981.7233,43.93521,50.742893,-1.8946455,98.1,NaN,,,18.494,,0 / 26,3537,2018-03-06 14:57:51:543
-3.934265,-2.680908,9.068634,-3.415469,-2.064214,8.9579,-0.416577,-0.452981,-0.221993,-0.3235,0.4319,-4.3801,208,18.5562,14.8453,-7.0404,307.9521,11.9883,20.817,5,981.7,43.93521,50.742893,-1.8946455,98.1,NaN,,,18.494,,0 / 26,3576,2018-03-06 14:57:51:582
-4.003693,-2.692886,9.176376,-3.426579,-2.080243,8.949946,-0.407381,-0.554922,-0.086213,-1.9715,4.0942,-3.6474,208,18.5562,14.9963,-6.8909,307.8399,12.188,20.8832,5,981.7,43.93521,50.742893,-1.8946455,98.1,NaN,,,18.494,,0 / 26,3617,2018-03-06 14:57:51:623
-4.180862,-2.771896,9.166794,-3.450906,-2.102308,8.935431,-0.63605,-0.604459,-0.024477,-0.5071,1.5308,-2.2442,208,18.5562,15.1459,-5.3909,307.7964,12.3075,21.0062,5,981.6934,43.93521,50.742893,-1.8946455,98.1,NaN,,,18.494,,0 / 26,3657,2018-03-06 14:57:51:663
-3.79779,-2.668945,9.367905,-3.429998,-2.111922,8.941213,-0.309088,-0.513583,0.196052,0.1032,-7.0142,-1.1453,208,18.5562,14.8453,-5.8395,307.5823,12.4045,21.1169,5,981.7067,43.93521,50.742893,-1.8946455,98.1,NaN,,,18.494,,0 / 26,3696,2018-03-06 14:57:51:702
-3.965393,-2.609085,9.389465,-3.40089,-2.105804,8.953765,-0.483566,-0.435152,0.124173,3.5827,-2.9856,-1.2677,208,18.5562,14.8453,-6.1401,307.5119,12.4321,20.9033,5,981.7067,43.93521,50.742893,-1.8946455,98.1,NaN,,,18.494,,0 / 26,3736,2018-03-06 14:57:51:742
-3.761886,-2.609085,9.355942,-3.365991,-2.089521,8.970752,-0.334404,-0.475407,-0.000494,4.0706,-11.9582,-0.5962,208,18.5562,14.8453,-6.2897,307.5119,12.3553,20.7117,5,981.7233,43.93521,50.742893,-1.8946455,98.1,NaN,,,18.494,,0 / 26,3776,2018-03-06 14:57:51:782
-3.831314,-2.664154,9.482834,-3.264121,-2.061783,9.014708,-0.469832,-0.488513,0.228564,6.7563,-18.1226,-1.4504,208,18.5562,14.8453,-6.2897,307.464,12.2095,20.1492,5,981.7466,41.53447,50.742893,-1.8946455,98.1,NaN,,,18.494,,0 / 26,3816,2018-03-06 14:57:51:822
-3.752304,-2.613876,9.418198,-3.176233,-2.043445,9.050208,-0.55896,-0.52295,0.017493,7.7941,-27.4606,-0.779,208,18.5562,15.1459,-7.9407,307.6484,12.027,19.3389,5,981.7466,41.53447,50.742893,-1.8946455,98.1,NaN,,,18.494,,0 / 26,3857,2018-03-06 14:57:51:863
-3.230377,-2.436706,9.849152,-2.936626,-1.997704,9.140885,-0.174863,-0.406731,0.423498,11.9442,-35.4567,-2.7321,208,18.5562,15.1459,-7.9407,307.4432,11.8921,18.3512,5,981.76,41.53447,50.742893,-1.8946455,98.1,NaN,,,18.494,,0 / 26,3896,2018-03-06 14:57:51:902
-3.462601,-2.42952,9.181168,-2.61906,-1.91953,9.253448,-1.060947,-0.349447,-0.529348,10.5401,-55.8419,-0.2911,206,18.5562,15.1459,-7.6401,307.2348,11.4363,16.5609,5,981.78,41.53447,50.742893,-1.8946455,98.1,NaN,,,18.494,,0 / 26,3937,2018-03-06 14:57:51:943
-2.368454,-2.302627,9.777313,-2.319974,-1.871762,9.342624,-0.090034,-0.371256,0.036614,12.9819,-60.7858,-1.1453,206,18.2556,14.3951,-7.9407,306.4882,11.1583,14.9081,5,981.78,41.53447,50.742893,-1.8946455,98.1,NaN,,,18.494,,0 / 26,3976,2018-03-06 14:57:51:982
-3.251922,-2.249954,9.322418,-1.919294,-1.795251,9.44795,-1.292795,-0.40454,-0.412052,8.038,-66.9503,0.2588,198,18.2556,14.6957,-10.0403,308.3873,10.7203,12.5717,5,981.8033,41.53447,50.742893,-1.8946455,98.1,NaN,,,18.494,,0 / 26,4016,2018-03-06 14:57:52:022
-2.792236,-1.775909,9.19313,-1.341227,-1.747723,9.55599,-1.150274,0.058244,-0.730478,4.4369,-93.7447,2.2731,184,18.2556,15.4449,-11.2396,307.5429,10.3447,9.3061,5,981.8433,41.53447,50.742893,-1.8946455,98.1,NaN,,,18.494,,0 / 26,4057,2018-03-06 14:57:52:063
-1.334167,-1.862091,9.777313,-0.677795,-1.742429,9.626781,-0.580761,-0.048206,-0.16194,-0.1408,-127.6198,-1.1453,158,17.0563,15.2954,-12.59,307.3498,10.2346,4.0274,5,981.8433,41.53447,50.742893,-1.8946455,98.1,NaN,,,18.494,,0 / 26,4096,2018-03-06 14:57:52:102
0.126297,-1.75914,9.650421,0.116957,-1.742389,9.649911,0.047516,0.063873,-0.293656,-0.3847,-131.3425,-5.7229,158,15.2557,14.2456,-12.8906,307.1894,10.2343,-0.6944,5,981.8699,43.0428,50.742893,-1.8946455,98.1,NaN,,,18.494,,0 / 26,4138,2018-03-06 14:57:52:144
0.880478,-2.079971,9.573807,1.077193,-1.752111,9.588543,-0.273764,-0.273832,-0.333759,-0.751,-107.7828,-9.0801,116,14.8056,14.3951,-14.241,307.1894,10.2343,-0.6944,5,981.9467,43.0428,50.742893,-1.8946455,98.1,NaN,,,18.494,,0 / 26,4176,2018-03-06 14:57:52:182
1.34256,-2.640213,9.523529,1.650887,-1.738205,9.509132,-0.329028,-0.845043,-0.253005,4.9247,-85.5057,-7.5536,76,14.0564,14.6957,-16.1896,305.5373,10.292,-6.4098,5,981.9467,43.0428,50.742893,-1.8946455,98.1,NaN,,,18.494,,0 / 26,4216,2018-03-06 14:57:52:222
2.060822,-2.113479,9.885056,2.22369,-1.721791,9.394734,-0.211747,-0.311759,0.222963,-0.202,-75.7393,-5.9669,50,12.5565,14.8453,-16.4902,308.1658,10.1495,-11.0415,5,982.08,43.0428,50.742893,-1.8946455,98.1,NaN,,,18.494,,0 / 26,4257,2018-03-06 14:57:52:263
2.343338,-2.597122,9.073425,2.580737,-1.686476,9.309456,-0.322364,-0.819954,-0.520451,4.3757,-36.4944,-4.7464,50,11.9568,14.6957,-17.3904,308.1049,10.0443,-14.3123,5,982.24,43.0428,50.742893,-1.8946455,98.1,NaN,,,18.494,,0 / 26,4296,2018-03-06 14:57:52:302
2.245163,-2.460647,9.279327,2.773292,-1.655394,9.259531,-0.777392,-0.640628,-0.246966,4.8032,-19.4655,-3.4035,36,11.5067,14.6957,-17.691,306.9037,9.8426,-15.9943,5,982.24,43.0428,50.742893,-1.8946455,98.1,NaN,,,18.494,,0 / 26,4336,2018-03-06 14:57:52:342
2.182922,-2.460647,9.224258,2.830512,-1.6366,9.245546,-0.920548,-0.692798,-0.293288,5.5962,-9.2112,3.4936,31,10.9055,14.8453,-17.691,308.3137,9.7182,-16.6733,5,982.33,43.0428,50.742893,-1.8946455,98.1,NaN,,,18.494,,0 / 26,4377,2018-03-06 14:57:52:383
2.223618,-2.242767,9.595367,2.776914,-1.61318,9.265895,-0.679232,-0.575984,0.065772,5.7798,24.114,5.6906,29,10.9055,14.8453,-17.8406,308.3316,9.5142,-17.0133,5,982.3766,43.0428,50.742893,-1.8946455,98.1,NaN,,,18.494,,0 / 26,4417,2018-03-06 14:57:52:423
1.067215,-2.170944,9.243408,2.581741,-1.598203,9.324739,-1.578867,-0.536738,-0.344508,5.3522,40.5326,9.2917,29,11.0565,14.8453,-17.9901,308.3316,9.5142,-17.0133,5,982.3766,43.0428,50.742893,-1.8946455,98.1,NaN,,,18.494,,0 / 26,4456,2018-03-06 14:57:52:462
2.503739,-2.09433,9.595367,2.360802,-1.610706,9.380972,-0.258811,-0.42738,-0.014113,0.5307,19.1088,9.658,31,12.1063,14.6957,-17.9901,309.0267,9.3761,-15.2623,5,982.3801,45.26848,50.742893,-1.8946455,98.1,NaN,,,18.494,,0 / 26,4497,2018-03-06 14:57:52:503
2.498947,-1.871674,9.676758,2.13737,-1.63211,9.430708,0.223627,-0.214828,0.036623,-1.4224,41.9358,4.6528,34,12.4069,14.6957,-17.8406,307.9516,9.539,-13.3611,5,982.3433,45.26848,50.742893,-1.8946455,98.1,NaN,,,18.494,,0 / 26,4536,2018-03-06 14:57:52:542
1.208481,-2.099121,9.84436,1.791613,-1.652567,9.498922,-0.661546,-0.383048,0.006681,-2.5826,42.8521,4.5313,34,12.706,14.3951,-17.0898,305.4045,9.6463,-11.3533,5,982.3433,45.26848,50.742893,-1.8946455,98.1,NaN,,,18.494,,0 / 26,4577,2018-03-06 14:57:52:583
0.813431,-2.170944,10.045471,1.572947,-1.666606,9.535127,-0.248694,-0.383881,0.419137,0.7746,39.3725,0.2588,42,13.1561,14.3951,-16.6397,305.9421,9.7847,-9.3673,5,982.2933,45.26848,50.742893,-1.8946455,98.1,NaN,,,18.494,,0 / 26,4617,2018-03-06 14:57:52:623
0.497406,-2.345718,10.004776,1.363976,-1.668225,9.566973,-0.882434,-0.651292,0.15734,1.5072,12.3953,2.2731,52,13.3057,14.3951,-16.6397,305.9421,9.7847,-9.3673,5,982.2433,45.26848,50.742893,-1.8946455,98.1,NaN,,,18.494,,0 / 26,4656,2018-03-06 14:57:52:662
1.019333,-2.393616,9.901825,1.25354,-1.652305,9.584827,-0.307011,-0.694688,0.029333,4.742,14.3484,0.5027,58,13.7558,14.3951,-16.1896,304.8072,9.7818,-7.8826,5,982.2433,45.26848,50.742893,-1.8946455,98.1,NaN,,,18.494,,0 / 26,4696,2018-03-06 14:57:52:702
0.894836,-2.125458,9.786896,1.202756,-1.628955,9.595325,-0.249751,-0.408897,-0.179069,2.8501,-0.1783,-0.4739,58,14.0564,14.3951,-16.04,305.7204,9.6457,-7.2465,5,982.1934,45.26848,50.742893,-1.8946455,98.1,NaN,,,18.494,,0 / 26,4737,2018-03-06 14:57:52:743
1.258759,-1.979416,9.566635,1.208772,-1.619159,9.596228,0.061371,-0.352064,-0.179277,2.1787,6.6575,-3.4647,60,14.0564,14.3951,-16.1896,305.8211,9.5283,-7.177,5,982.1467,45.26848,50.742893,-1.8946455,98.1,NaN,,,18.494,,0 / 26,4777,2018-03-06 14:57:52:783
0.35614,-2.120666,9.703094,1.151676,-1.604687,9.605677,-0.678039,-0.463075,-0.145181,2.2399,10.1371,-3.2811,60,14.0564,14.3951,-16.04,306.0033,9.4178,-6.8369,5,982.1467,42.03119,50.742893,-1.8946455,98.1,NaN,,,18.494,,0 / 26,4817,2018-03-06 14:57:52:823
0.471069,-1.984207,9.96167,1.109164,-1.59522,9.612253,-0.586375,-0.36904,0.044213,1.7512,1.6532,-2.1218,63,13.1561,14.3951,-15.1398,308.4803,9.3617,-6.5823,5,982.1033,42.03119,50.742893,-1.8946455,98.1,NaN,,,18.494,,0 / 26,4857,2018-03-06 14:57:52:863
0.813431,-1.888428,9.870697,1.089936,-1.583464,9.616396,-0.296281,-0.252969,-0.043619,1.6296,1.3481,-3.5259,63,13.3057,14.6957,-15.1398,310.8559,9.2921,-6.4664,5,982.0833,42.03119,50.742893,-1.8946455,98.1,NaN,,,18.494,,0 / 26,4897,2018-03-06 14:57:52:903
0.69133,-1.974625,9.813232,1.097253,-1.571222,9.617572,-0.43369,-0.330124,-0.136334,1.446,-3.108,-3.7698,63,13.7558,14.6957,-15.4404,309.0706,9.2197,-6.5086,5,982.0833,42.03119,50.742893,-1.8946455,98.1,NaN,,,18.494,,0 / 26,4937,2018-03-06 14:57:52:943
0.913986,-1.869278,9.715073,1.102128,-1.563951,9.618198,-0.224738,-0.260008,-0.168773,1.1409,-0.2999,-4.6852,63,13.7558,14.3951,-15.741,309.0706,9.2197,-6.5086,5,982.08,42.03119,50.742893,-1.8946455,98.1,NaN,,,18.494,,0 / 26,4976,2018-03-06 14:57:52:982
0.899628,-2.020111,9.944916,1.08446,-1.55693,9.621346,-0.190698,-0.427721,0.030681,1.0185,6.0473,-9.0801,63,13.7558,14.6957,-15.741,308.5959,9.1351,-6.4309,5,982.08,42.03119,50.742893,-1.8946455,98.1,NaN,,,18.494,,0 / 26,5016,2018-03-06 14:57:53:022
0.870895,-2.051239,9.777313,1.059438,-1.565732,9.622705,-0.156139,-0.442025,-0.130935,0.4083,-1.0937,-13.719,63,13.7558,14.9963,-15.8905,308.5959,9.1351,-6.4309,5,982.08,42.03119,50.742893,-1.8946455,98.1,NaN,,,18.494,,0 / 26,5057,2018-03-06 14:57:53:063
1.546066,-2.266708,9.62648,1.087745,-1.577073,9.617694,0.362322,-0.598748,-0.252584,-0.2632,-2.3754,-21.8365,63,14.0564,14.6957,-15.8905,308.5116,9.2543,-6.4526,5,982.0833,42.03119,50.742893,-1.8946455,98.1,NaN,,,18.494,,0 / 26,5096,2018-03-06 14:57:53:102
1.617889,-2.276291,9.774933,1.120828,-1.5797,9.613463,0.562885,-0.60434,-0.135028,-1.8499,4.9492,-30.4419,66,13.6063,14.8453,-15.8905,308.5116,9.2543,-6.4526,5,982.0999,51.24832,50.742893,-1.8946455,98.1,NaN,,,18.494,,0 / 26,5137,2018-03-06 14:57:53:143
2.079971,-2.178131,9.600143,1.129631,-1.583494,9.611809,0.874823,-0.561159,-0.305526,-5.5726,7.3902,-41.0624,68,13.6063,14.9963,-15.8905,308.4329,9.2667,-6.6584,5,982.0999,51.24832,50.742893,-1.8946455,98.1,NaN,,,18.494,,0 / 26,5177,2018-03-06 14:57:53:183
2.130249,-2.307419,9.808441,1.106296,-1.586796,9.613977,0.831592,-0.737059,-0.148969,-4.2297,14.1648,-51.7433,68,13.6063,15.1459,-15.8905,308.4012,9.2923,-6.703,5,982.1199,51.24832,50.742893,-1.8946455,98.1,NaN,,,18.494,,0 / 26,5217,2018-03-06 14:57:53:223
1.833359,-2.417557,9.588181,1.095287,-1.575628,9.617075,0.716078,-0.802486,-0.279808,-4.7796,10.6249,-63.4008,73,12.706,15.4449,-15.8905,310.2257,9.3119,-6.5642,5,982.1301,51.24832,50.742893,-1.8946455,98.1,NaN,,,18.494,,0 / 26,5257,2018-03-06 14:57:53:263
1.716049,-2.537262,9.770142,1.097881,-1.56605,9.618343,0.599699,-0.903348,-0.108616,-5.695,12.578,-72.4345,84,11.9568,16.7953,-14.9902,312.8421,9.2322,-6.5047,5,982.1301,51.24832,50.742893,-1.8946455,98.1,NaN,,,18.494,,0 / 26,5296,2018-03-06 14:57:53:302
1.596344,-2.39122,9.825211,1.038293,-1.545558,9.62827,0.475723,-0.781827,-0.08358,-3.3143,31.011,-82.0777,84,11.3556,17.395,-15.1398,319.165,9.1658,-6.4852,5,982.1434,51.24832,50.742893,-1.8946455,98.1,NaN,,,18.494,,0 / 26,5337,2018-03-06 14:57:53:343
1.397629,-2.340942,9.712677,0.938244,-1.514914,9.643397,0.395112,-0.780132,-0.24782,-3.8642,23.015,-90.6227,95,11.3556,17.2455,-15.1398,319.5316,9.0026,-5.9001,5,982.1501,51.24832,50.742893,-1.8946455,98.1,NaN,,,18.494,,0 / 26,5377,2018-03-06 14:57:53:383
1.368897,-2.398392,9.640854,0.917583,-1.495896,9.648353,0.425914,-0.850952,-0.307569,-4.1082,20.3293,-100.2667,110,10.4568,17.2455,-14.9902,319.826,8.8328,-5.4843,5,982.1501,51.24832,50.742893,-1.8946455,98.1,NaN,,,18.494,,0 / 26,5417,2018-03-06 14:57:53:423
1.179749,-2.530075,9.511566,0.887962,-1.472362,9.654743,0.203474,-1.075391,-0.290727,-6.7939,20.0241,-106.4312,121,9.256,18.2953,-14.241,327.0531,8.6586,-5.295,5,982.1567,44.62587,50.742893,-1.8946455,98.1,NaN,,,18.494,,0 / 26,5457,2018-03-06 14:57:53:463
0.782318,-2.436706,9.418198,0.857976,-1.449873,9.660855,0.073113,-0.780686,-0.293471,-3.7419,20.2077,-113.267,121,7.756,19.6457,-14.8407,332.1999,8.57,-5.1313,5,982.1234,44.62587,50.742893,-1.8946455,98.1,NaN,,,18.494,,0 / 26,5497,2018-03-06 14:57:53:503
0.913986,-2.520508,9.80365,0.845661,-1.424038,9.665784,0.091109,-1.131533,-0.2399,-7.5257,19.2312,-116.6242,134,6.1066,19.6457,-14.8407,337.6055,8.3786,-5.0119,5,982.1234,44.62587,50.742893,-1.8946455,98.1,NaN,,,18.494,,0 / 26,5537,2018-03-06 14:57:53:543
0.53331,-2.463043,9.825211,0.806361,-1.412545,9.670826,-0.199312,-0.935705,-0.022934,-5.6338,24.3579,-118.211,142,4.9057,19.6457,-14.6896,337.6055,8.3786,-5.0119,5,982.1033,44.62587,50.742893,-1.8946455,98.1,NaN,,,18.494,,0 / 26,5577,2018-03-06 14:57:53:583
0.550079,-2.611481,9.968857,0.747902,-1.397959,9.677641,-0.218955,-1.16685,-0.01336,-7.892,28.0814,-119.1264,153,4.4556,20.0958,-13.9404,343.5189,8.2817,-4.7663,5,982.0967,44.62587,50.742893,-1.8946455,98.1,NaN,,,18.494,,0 / 26,5617,2018-03-06 14:57:53:623
0.140671,-2.55162,9.904221,0.695046,-1.389976,9.68273,-0.586101,-1.126912,-0.033482,-2.1551,24.114,-116.1967,153,3.7064,20.2454,-13.6398,344.2345,8.1956,-4.3023,5,982.0967,44.62587,50.742893,-1.8946455,98.1,NaN,,,18.494,,0 / 26,5657,2018-03-06 14:57:53:663
0.341782,-2.510925,10.129272,0.647141,-1.361418,9.690105,-0.359627,-1.094121,0.190533,-5.5122,19.5975,-116.0743,153,0.4059,20.2454,-13.6398,356.9537,8.006,-3.8928,5,982.0833,44.62587,50.742893,-1.8946455,98.1,NaN,,,18.494,,0 / 26,5697,2018-03-06 14:57:53:703
-0.299866,-2.613876,9.913788,0.592812,-1.340992,9.696426,-0.913229,-1.233316,-0.060139,-0.8734,21.8557,-112.1681,150,0.1068,20.2454,-14.09,357.2031,7.9017,-3.5791,5,982.0533,44.62587,50.742893,-1.8946455,98.1,NaN,,,18.494,,0 / 26,5737,2018-03-06 14:57:53:743
0.305862,-2.427124,9.772537,0.565574,-1.322812,9.700551,-0.291349,-1.121787,-0.237226,-4.9011,21.9773,-108.0792,147,0.1068,21.2952,-14.09,357.477,7.7699,-3.4135,5,982.0533,44.62587,50.742893,-1.8946455,98.1,NaN,,,18.494,,0 / 26,5777,2018-03-06 14:57:53:783
-0.666183,-2.199676,9.813232,0.490967,-1.325851,9.704198,-1.16756,-0.796527,-0.150822,-2.7041,26.5549,-99.1678,147,-3.7933,21.2952,-14.09,9.8728,7.7701,-2.8963,5,982.0134,43.51453,50.742893,-1.8946455,98.1,NaN,,,18.494,,0 / 26,5817,2018-03-06 14:57:53:823
-0.426758,-2.065597,9.72226,0.437976,-1.32765,9.706489,-0.868683,-0.602437,-0.099394,-6.0001,16.2403,-90.989,140,-2.7435,21.2952,-14.09,7.0869,7.7535,-2.6477,5,982,43.51453,50.742893,-1.8946455,98.1,NaN,,,18.494,,0 / 26,5856,2018-03-06 14:57:53:862
-0.989395,-1.893219,10.031113,0.407171,-1.332311,9.707191,-1.235961,-0.293082,0.148272,-1.7887,11.2964,-83.1154,126,-2.7435,20.9961,-14.241,7.2417,7.8176,-2.4465,5,982,43.51453,50.742893,-1.8946455,98.1,NaN,,,18.494,,0 / 26,5896,2018-03-06 14:57:53:902
-1.087555,-1.428741,10.265732,0.442166,-1.329501,9.706044,-1.535218,-0.106183,0.29358,-1.9111,4.6432,-71.3356,118,-4.0939,20.3949,-14.241,10.6305,7.7917,-2.6083,5,981.9733,43.51453,50.742893,-1.8946455,98.1,NaN,,,18.494,,0 / 26,5937,2018-03-06 14:57:53:943
-1.180939,-1.816605,10.268127,0.4388,-1.318541,9.707691,-1.685837,-0.424256,0.340095,-0.1408,8.7942,-58.6404,118,-6.1935,19.9463,-14.241,16.6735,7.727,-2.5881,5,981.9633,43.51453,50.742893,-1.8946455,98.1,NaN,,,18.494,,0 / 26,5977,2018-03-06 14:57:53:983
-1.063614,-1.26355,10.282501,0.409755,-1.299243,9.711563,-1.530623,0.050618,0.355237,1.8735,9.5872,-48.2034,110,-6.1935,20.0958,-14.241,16.6735,7.727,-2.5881,5,981.94,43.51453,50.742893,-1.8946455,98.1,NaN,,,18.494,,0 / 26,6016,2018-03-06 14:57:54:022
-1.219238,-1.34256,9.815628,0.374922,-1.260387,9.718088,-1.626195,-0.06599,-0.146109,4.3757,3.6667,-36.9123,100,-6.1935,19.9463,-14.6896,16.7611,7.6133,-2.416,5,981.94,43.51453,50.742893,-1.8946455,98.1,NaN,,,18.494,,0 / 26,6056,2018-03-06 14:57:54:062
-0.656601,-1.543671,9.631271,0.363067,-1.239653,9.721206,-1.039746,-0.304712,-0.267823,0.897,8.7942,-25.4376,100,-6.1935,19.1956,-14.6896,17.7867,7.3843,-2.2094,5,981.9133,43.51453,50.742893,-1.8946455,98.1,NaN,,,18.494,,0 / 26,6097,2018-03-06 14:57:54:103
-0.840958,-1.033707,9.988007,0.322881,-1.235287,9.723179,-1.061395,0.109085,-0.141213,-0.0184,-0.1172,-16.9537,92,-6.4941,19.1956,-14.6896,17.889,7.248,-2.0309,5,981.9001,40.96971,50.742893,-1.8946455,98.1,NaN,,,18.494,,0 / 26,6137,2018-03-06 14:57:54:143
-0.115509,-1.299454,10.052658,0.339125,-1.236847,9.722427,-0.466399,-0.032701,0.013634,-1.5448,-1.7039,-11.8874,87,-7.6935,19.046,-14.6896,23.8609,7.2237,-1.9363,5,981.9001,40.96971,50.742893,-1.8946455,98.1,NaN,,,18.494,,0 / 26,6177,2018-03-06 14:57:54:183
-0.563232,-0.961884,9.889847,0.310537,-1.244447,9.722413,-0.828458,0.31395,-0.100289,-1.4836,2.5686,-6.1504,84,-7.8445,19.046,-14.6896,23.8947,7.2674,-1.9132,5,981.9133,40.96971,50.742893,-1.8946455,98.1,NaN,,,18.494,,0 / 26,6217,2018-03-06 14:57:54:223
-0.359726,-1.129471,10.009552,0.293885,-1.248861,9.722364,-0.675606,0.12312,0.17442,-1.1173,2.6901,-3.7698,84,-7.8445,19.046,-14.6896,24.0053,7.303,-1.7808,5,981.97,40.96971,50.742893,-1.8946455,98.1,NaN,,,18.494,,0 / 26,6257,2018-03-06 14:57:54:263
-0.43634,-1.376068,9.920975,0.275171,-1.24313,9.723646,-0.818569,0.134393,0.121058,1.8735,1.9584,0.3803,81,-7.8445,19.046,-14.9902,24.1021,7.3199,-1.6572,5,981.97,40.96971,50.742893,-1.8946455,98.1,NaN,,,18.494,,0 / 26,6296,2018-03-06 14:57:54:302
0.626694,-1.316223,10.256165,0.288609,-1.230846,9.724819,0.307669,-0.047593,0.241686,0.7746,4.0942,1.0517,79,-7.8445,18.895,-14.5401,24.0326,7.2218,-1.7007,5,982.0234,40.96971,50.742893,-1.8946455,98.1,NaN,,,18.494,,0 / 26,6336,2018-03-06 14:57:54:342
-0.189728,-1.285095,10.050262,0.256126,-1.224122,9.726578,-0.455522,-0.009464,0.051127,0.897,3.6063,-2.5494,79,-7.8445,19.3451,-14.6896,24.0326,7.2218,-1.7007,5,982.0234,40.96971,50.742893,-1.8946455,98.1,NaN,,,18.494,,0 / 26,6377,2018-03-06 14:57:54:383
-0.5345,-1.400009,10.373474,0.257034,-1.215389,9.727649,-0.821621,-0.152258,0.342504,1.7512,-0.8498,0.5027,79,-7.8445,19.3451,-15.1398,24.1528,7.1707,-1.5084,5,982.04,40.96971,50.742893,-1.8946455,98.1,NaN,,,18.494,,0 / 26,6417,2018-03-06 14:57:54:423
-0.393234,-1.306641,9.968857,0.249928,-1.20178,9.729525,-0.916107,-0.081096,0.021976,3.5215,0.2492,4.8968,76,-7.3944,19.3451,-15.4404,24.1293,7.1193,-1.5136,5,982.0533,44.85001,50.742893,-1.8946455,98.1,NaN,,,18.494,,0 / 26,6457,2018-03-06 14:57:54:463
0.224457,-1.127075,9.894638,0.221839,-1.167354,9.734396,0.011816,0.071379,-0.086758,4.9859,6.1085,5.1415,76,-8.1436,19.3451,-15.1398,21.2523,6.9718,-1.4482,5,982.0866,44.85001,50.742893,-1.8946455,98.1,NaN,,,18.494,,0 / 26,6497,2018-03-06 14:57:54:503
-0.393234,-1.198898,9.837173,0.194644,-1.138098,9.738441,-0.52041,0.166732,-0.17985,3.3379,-2.6805,3.066,73,-7.8445,19.3451,-14.9902,24.1719,6.8365,-1.3055,5,982.0866,44.85001,50.742893,-1.8946455,98.1,NaN,,,18.494,,0 / 26,6537,2018-03-06 14:57:54:543
0.449524,-1.340164,9.877884,0.212321,-1.128043,9.739242,-0.030556,-0.06585,-0.192475,1.1409,-3.9622,5.3855,73,-7.2433,19.1956,-14.6896,24.2221,6.6644,-1.145,5,982.1199,44.85001,50.742893,-1.8946455,98.1,NaN,,,18.494,,0 / 26,6576,2018-03-06 14:57:54:582
-0.201706,-1.04567,9.846756,0.176453,-1.122601,9.740585,-0.54196,0.025896,-0.176083,2.0563,8.9157,2.7609,73,-7.0938,19.1956,-14.9902,21.2685,6.603,-1.2596,5,982.1333,44.85001,50.742893,-1.8946455,98.1,NaN,,,18.494,,0 / 26,6616,2018-03-06 14:57:54:622
0.11673,-1.400009,9.731827,0.165768,-1.107683,9.742481,-0.392461,-0.208615,-0.350813,2.0563,-10.7368,10.451,71,-6.6437,19.6457,-14.8407,21.5027,6.5384,-0.918,5,982.1333,44.85001,50.742893,-1.8946455,98.1,NaN,,,18.494,,0 / 26,6656,2018-03-06 14:57:54:662
0.327408,-1.146225,9.84436,0.195847,-1.104632,9.74227,0.149,-0.017978,-0.115403,1.8123,4.8268,9.109,71,-6.7932,19.3451,-14.8407,21.3315,6.4846,-1.1222,5,982.1333,44.85001,50.742893,-1.8946455,98.1,NaN,,,18.494,,0 / 26,6697,2018-03-06 14:57:54:703
0.248398,-1.148621,10.146027,0.188204,-1.094541,9.74356,-0.038539,-0.037365,-0.130789,1.0185,-6.2816,8.4978,71,-6.7932,19.3451,-15.1398,21.3628,6.4228,-1.0524,5,982.14,44.85001,50.742893,-1.8946455,98.1,NaN,,,18.494,,0 / 26,6737,2018-03-06 14:57:54:743
0.119125,-1.127075,10.093353,0.204323,-1.09181,9.743542,-0.321442,-0.004644,0.139844,0.042,1.3481,7.0947,71,-6.7932,19.3451,-15.1398,21.2552,6.4014,-1.1864,5,982.14,47.47235,50.742893,-1.8946455,98.1,NaN,,,18.494,,0 / 26,6777,2018-03-06 14:57:54:783
-0.752365,-1.064819,10.186722,0.194489,-1.08855,9.744107,-0.972696,0.062816,0.156966,0.5919,-6.0989,7.1559,71,-7.0938,19.6457,-14.9902,21.3048,6.3855,-1.1131,5,982.1767,47.47235,50.742893,-1.8946455,98.1,NaN,,,18.494,,0 / 26,6817,2018-03-06 14:57:54:823
0.313049,-0.897232,9.966461,0.210304,-1.081866,9.744523,0.076912,0.201891,-0.04772,1.0185,0.4319,8.2539,71,-7.0938,19.7952,-14.9902,20.18,6.3682,-1.1861,5,982.2166,47.47235,50.742893,-1.8946455,98.1,NaN,,,18.494,,0 / 26,6857,2018-03-06 14:57:54:863
0.076019,-0.981033,10.04068,0.188035,-1.078162,9.745388,-0.113722,0.15988,-0.03724,0.2256,5.2543,8.9254,73,-7.0938,19.7952,-14.9902,20.2207,6.312,-1.1054,5,982.2166,47.47235,50.742893,-1.8946455,98.1,NaN,,,18.494,,0 / 26,6897,2018-03-06 14:57:54:903
0.238831,-0.799072,9.758163,0.163747,-1.075379,9.746135,0.052535,0.343558,-0.287482,-1.3612,-4.9387,5.0192,71,-5.1437,19.7952,-14.9902,14.5998,6.2956,-0.9625,5,982.23,47.47235,50.742893,-1.8946455,98.1,NaN,,,18.494,,0 / 26,6937,2018-03-06 14:57:54:943
0.265167,-0.964264,10.007172,0.176721,-1.087729,9.744536,-0.063732,0.174155,-0.046365,-1.9111,0.9818,3.5548,73,-5.7434,19.7952,-14.9902,14.5998,6.2956,-0.9625,5,982.2266,47.47235,50.742893,-1.8946455,98.1,NaN,,,18.494,,0 / 26,6977,2018-03-06 14:57:54:983
0.188553,-0.92836,9.918579,0.178766,-1.106568,9.742378,0.097012,0.164571,-0.017114,-2.7041,-4.9999,3.6151,73,-6.044,19.7952,-15.1398,17.4664,6.3682,-1.039,5,982.2266,47.47235,50.742893,-1.8946455,98.1,NaN,,,18.494,,0 / 26,7017,2018-03-06 14:57:55:023
0.4543,-1.009766,9.925766,0.168364,-1.1202,9.741006,0.183142,0.130601,-0.086674,-2.0327,3.7891,3.9814,73,-6.1935,19.7952,-15.1398,17.4713,6.4994,-1.0802,5,982.2266,47.47235,50.742893,-1.8946455,98.1,NaN,,,18.494,,0 / 26,7057,2018-03-06 14:57:55:063
0.042511,-1.265945,9.901825,0.153897,-1.131721,9.739913,-0.129969,-0.1739,-0.114099,-2.948,0.0052,4.0426,73,-6.1935,19.6457,-15.1398,17.6368,6.6269,-0.9052,5,982.2433,42.77393,50.742893,-1.8946455,98.1,NaN,,,18.494,,0 / 26,7097,2018-03-06 14:57:55:103
0.705704,-1.048065,9.935333,0.158311,-1.1581,9.736741,0.541858,0.144213,-0.036283,-2.0327,-1.3988,2.0283,73,-6.1935,19.6457,-15.1398,17.6601,6.7821,-0.9315,5,982.2433,42.77393,50.742893,-1.8946455,98.1,NaN,,,18.494,,0 / 26,7137,2018-03-06 14:57:55:143
0.377686,-1.210876,10.098145,0.15003,-1.168383,9.735644,0.282204,-0.031939,0.043558,-1.7275,2.7513,0.8078,73,-6.044,19.9463,-14.9902,17.6601,6.7821,-0.9315,5,982.2634,42.77393,50.742893,-1.8946455,98.1,NaN,,,18.494,,0 / 26,7176,2018-03-06 14:57:55:182
-0.266342,-1.098343,10.237015,0.13705,-1.17551,9.734978,-0.417949,0.102437,0.226052,0.4083,-1.8263,0.869,73,-5.4443,19.7952,-15.1398,17.7685,6.8774,-0.8219,5,982.2867,42.77393,50.742893,-1.8946455,98.1,NaN,,,18.494,,0 / 26,7216,2018-03-06 14:57:55:222
0.016174,-1.479019,10.107727,0.132039,-1.167932,9.735958,-0.100375,-0.203309,0.058845,1.6296,2.2635,0.869,73,-5.4443,19.6457,-15.4404,14.9015,6.8662,-0.8119,5,982.2867,42.77393,50.742893,-1.8946455,98.1,NaN,,,18.494,,0 / 26,7257,2018-03-06 14:57:55:263
0.040115,-1.155807,9.952103,0.110307,-1.155248,9.737742,-0.068472,0.038799,-0.0245,2.2399,3.7891,-1.328,73,-5.4443,19.3451,-15.4404,15.7822,6.8215,-0.7405,5,982.3066,42.77393,50.742893,-1.8946455,98.1,NaN,,,18.494,,0 / 26,7297,2018-03-06 14:57:55:303
-0.196915,-1.364105,10.076599,0.095645,-1.144495,9.739167,-0.210237,-0.216416,0.101672,1.446,1.1033,-1.0229,73,-6.044,19.6457,-15.4404,17.8986,6.7254,-0.5901,5,982.2966,42.77393,50.742893,-1.8946455,98.1,NaN,,,18.494,,0 / 26,7337,2018-03-06 14:57:55:343
-0.345352,-1.210876,9.918579,0.104602,-1.132475,9.740479,-0.293661,-0.099491,-0.112703,1.8123,-2.9244,0.6251,71,-6.1935,20.0958,-15.4404,17.8848,6.6559,-0.5826,5,982.2966,42.77393,50.742893,-1.8946455,98.1,NaN,,,18.494,,0 / 26,7377,2018-03-06 14:57:55:383
0.207703,-1.134262,10.110107,0.097524,-1.123522,9.74159,0.002112,0.020587,-0.014424,1.0185,3.6667,-2.183,71,-5.7434,20.0958,-14.8407,17.8848,6.6559,-0.5826,5,982.28,47.40708,50.742893,-1.8946455,98.1,NaN,,,18.494,,0 / 26,7417,2018-03-06 14:57:55:423
-0.228043,-1.400009,9.868301,0.056038,-1.12346,9.741923,-0.32389,-0.192404,-0.111062,0.8358,2.2023,-1.8779,71,-5.4443,20.0958,-14.6896,15.0891,6.558,-0.4041,5,982.2966,47.40708,50.742893,-1.8946455,98.1,NaN,,,18.494,,0 / 26,7457,2018-03-06 14:57:55:463
-0.302261,-1.220444,10.155609,0.047174,-1.125111,9.74178,-0.324379,-0.056435,0.135206,0.2868,-1.2764,-0.3515,68,-5.4443,20.0958,-14.6896,15.0891,6.558,-0.4041,5,982.2966,47.40708,50.742893,-1.8946455,98.1,NaN,,,18.494,,0 / 26,7497,2018-03-06 14:57:55:503
-0.1203,-1.206085,10.019135,0.024424,-1.129282,9.741382,-0.110827,-0.044755,-0.016864,0.1032,2.7513,0.3803,68,-6.1935,20.0958,-14.6896,18.197,6.6126,-0.1437,5,982.3233,47.40708,50.742893,-1.8946455,98.1,NaN,,,18.494,,0 / 26,7537,2018-03-06 14:57:55:543
-0.261566,-1.170166,10.057449,-0.013783,-1.120276,9.742442,-0.24141,-0.037223,-0.005216,0.2256,2.8737,1.0517,66,-6.4941,19.7952,-14.6896,18.297,6.5664,0.0101,5,982.32,47.40708,50.742893,-1.8946455,98.1,NaN,,,18.494,,0 / 26,7578,2018-03-06 14:57:55:584
-0.117905,-1.127075,10.026321,-0.024319,-1.118617,9.742613,-0.12405,0.031642,0.020177,0.5307,0.2492,1.1129,66,-6.4941,19.6457,-14.8407,18.3896,6.5498,0.143,5,982.32,47.40708,50.742893,-1.8946455,98.1,NaN,,,18.494,,0 / 26,7617,2018-03-06 14:57:55:623
-0.110733,-1.093552,10.112503,-0.037984,-1.110153,9.743536,-0.065099,0.049768,0.067973,1.1409,0.6767,2.3334,66,-6.4941,19.6457,-14.8407,18.3896,6.5498,0.143,5,982.33,47.40708,50.742893,-1.8946455,98.1,NaN,,,18.494,,0 / 26,7657,2018-03-06 14:57:55:663
-0.067627,-1.172562,9.990402,-0.045524,-1.102618,9.74436,-0.016751,-0.023004,-0.030962,0.4083,0.0664,2.7609,66,-6.4941,19.6457,-14.8407,18.4504,6.4801,0.2532,5,982.3366,47.40708,50.742893,-1.8946455,98.1,NaN,,,18.494,,0 / 26,7697,2018-03-06 14:57:55:703
-0.206497,-1.208481,9.791687,-0.029489,-1.099097,9.74482,-0.15706,-0.070624,-0.195188,-0.3847,-3.657,1.5405,66,-6.4941,19.9463,-14.8407,18.4484,6.4338,0.2684,5,982.3366,47.40708,50.742893,-1.8946455,98.1,NaN,,,18.494,,0 / 26,7737,2018-03-06 14:57:55:743
-0.072418,-1.040878,10.129272,-0.022377,-1.103452,9.744346,-0.014716,0.042747,0.101452,-1.3612,4.2778,2.3334,66,-6.044,19.9463,-14.8407,18.3561,6.4606,0.1316,5,982.3533,43.61739,50.742893,-1.8946455,98.1,NaN,,,18.494,,0 / 26,7776,2018-03-06 14:57:55:782
-0.161011,-1.134262,9.930542,-0.078251,-1.103726,9.744026,-0.17273,-0.038672,0.046783,0.8358,6.1697,3.8599,66,-5.7434,19.9463,-14.9902,18.4842,6.469,0.3039,5,982.3934,43.61739,50.742893,-1.8946455,98.1,NaN,,,18.494,,0 / 26,7816,2018-03-06 14:57:55:822
-0.012558,-1.012161,9.892242,-0.087932,-1.10579,9.74371,0.032648,0.105238,-0.1658,-1.3612,2.2635,3.0048,63,-5.4443,19.9463,-15.1398,15.7576,6.4702,0.5049,5,982.3934,43.61739,50.742893,-1.8946455,98.1,NaN,,,18.494,,0 / 26,7857,2018-03-06 14:57:55:863
